{
    "name": "Global Information",
    "numberOfRequests": {
        "total": 52,
        "ok": 52,
        "ko": 0
    },
    "minResponseTime": {
        "total": 2,
        "ok": 2,
        "ko": 0
    },
    "maxResponseTime": {
        "total": 460,
        "ok": 460,
        "ko": 0
    },
    "meanResponseTime": {
        "total": 52,
        "ok": 52,
        "ko": 0
    },
    "standardDeviation": {
        "total": 70,
        "ok": 70,
        "ko": 0
    },
    "percentiles1": {
        "total": 34,
        "ok": 34,
        "ko": 0
    },
    "percentiles2": {
        "total": 71,
        "ok": 71,
        "ko": 0
    },
    "percentiles3": {
        "total": 134,
        "ok": 134,
        "ko": 0
    },
    "percentiles4": {
        "total": 297,
        "ok": 297,
        "ko": 0
    },
    "group1": {
    "name": "t < 800 ms",
    "count": 52,
    "percentage": 100
},
    "group2": {
    "name": "800 ms < t < 1200 ms",
    "count": 0,
    "percentage": 0
},
    "group3": {
    "name": "t > 1200 ms",
    "count": 0,
    "percentage": 0
},
    "group4": {
    "name": "failed",
    "count": 0,
    "percentage": 0
},
    "meanNumberOfRequestsPerSecond": {
        "total": 1.04,
        "ok": 1.04,
        "ko": 0
    }
}