{
  "type": "GROUP",
"name": "Global Information",
"path": "",
"pathFormatted": "group_missing-name-b06d1",
"stats": {
    "name": "Global Information",
    "numberOfRequests": {
        "total": 52,
        "ok": 52,
        "ko": 0
    },
    "minResponseTime": {
        "total": 2,
        "ok": 2,
        "ko": 0
    },
    "maxResponseTime": {
        "total": 460,
        "ok": 460,
        "ko": 0
    },
    "meanResponseTime": {
        "total": 52,
        "ok": 52,
        "ko": 0
    },
    "standardDeviation": {
        "total": 70,
        "ok": 70,
        "ko": 0
    },
    "percentiles1": {
        "total": 34,
        "ok": 34,
        "ko": 0
    },
    "percentiles2": {
        "total": 71,
        "ok": 71,
        "ko": 0
    },
    "percentiles3": {
        "total": 134,
        "ok": 134,
        "ko": 0
    },
    "percentiles4": {
        "total": 297,
        "ok": 297,
        "ko": 0
    },
    "group1": {
    "name": "t < 800 ms",
    "count": 52,
    "percentage": 100
},
    "group2": {
    "name": "800 ms < t < 1200 ms",
    "count": 0,
    "percentage": 0
},
    "group3": {
    "name": "t > 1200 ms",
    "count": 0,
    "percentage": 0
},
    "group4": {
    "name": "failed",
    "count": 0,
    "percentage": 0
},
    "meanNumberOfRequestsPerSecond": {
        "total": 1.04,
        "ok": 1.04,
        "ko": 0
    }
},
"contents": {
"req_request-0-684d2": {
        "type": "REQUEST",
        "name": "request_0",
"path": "request_0",
"pathFormatted": "req_request-0-684d2",
"stats": {
    "name": "request_0",
    "numberOfRequests": {
        "total": 1,
        "ok": 1,
        "ko": 0
    },
    "minResponseTime": {
        "total": 35,
        "ok": 35,
        "ko": 0
    },
    "maxResponseTime": {
        "total": 35,
        "ok": 35,
        "ko": 0
    },
    "meanResponseTime": {
        "total": 35,
        "ok": 35,
        "ko": 0
    },
    "standardDeviation": {
        "total": 0,
        "ok": 0,
        "ko": 0
    },
    "percentiles1": {
        "total": 35,
        "ok": 35,
        "ko": 0
    },
    "percentiles2": {
        "total": 35,
        "ok": 35,
        "ko": 0
    },
    "percentiles3": {
        "total": 35,
        "ok": 35,
        "ko": 0
    },
    "percentiles4": {
        "total": 35,
        "ok": 35,
        "ko": 0
    },
    "group1": {
    "name": "t < 800 ms",
    "count": 1,
    "percentage": 100
},
    "group2": {
    "name": "800 ms < t < 1200 ms",
    "count": 0,
    "percentage": 0
},
    "group3": {
    "name": "t > 1200 ms",
    "count": 0,
    "percentage": 0
},
    "group4": {
    "name": "failed",
    "count": 0,
    "percentage": 0
},
    "meanNumberOfRequestsPerSecond": {
        "total": 0.02,
        "ok": 0.02,
        "ko": 0
    }
}
    },"req_leaflet-css-a4c98": {
        "type": "REQUEST",
        "name": "leaflet.css",
"path": "leaflet.css",
"pathFormatted": "req_leaflet-css-a4c98",
"stats": {
    "name": "leaflet.css",
    "numberOfRequests": {
        "total": 1,
        "ok": 1,
        "ko": 0
    },
    "minResponseTime": {
        "total": 97,
        "ok": 97,
        "ko": 0
    },
    "maxResponseTime": {
        "total": 97,
        "ok": 97,
        "ko": 0
    },
    "meanResponseTime": {
        "total": 97,
        "ok": 97,
        "ko": 0
    },
    "standardDeviation": {
        "total": 0,
        "ok": 0,
        "ko": 0
    },
    "percentiles1": {
        "total": 97,
        "ok": 97,
        "ko": 0
    },
    "percentiles2": {
        "total": 97,
        "ok": 97,
        "ko": 0
    },
    "percentiles3": {
        "total": 97,
        "ok": 97,
        "ko": 0
    },
    "percentiles4": {
        "total": 97,
        "ok": 97,
        "ko": 0
    },
    "group1": {
    "name": "t < 800 ms",
    "count": 1,
    "percentage": 100
},
    "group2": {
    "name": "800 ms < t < 1200 ms",
    "count": 0,
    "percentage": 0
},
    "group3": {
    "name": "t > 1200 ms",
    "count": 0,
    "percentage": 0
},
    "group4": {
    "name": "failed",
    "count": 0,
    "percentage": 0
},
    "meanNumberOfRequestsPerSecond": {
        "total": 0.02,
        "ok": 0.02,
        "ko": 0
    }
}
    },"req_bundle-js-0b837": {
        "type": "REQUEST",
        "name": "bundle.js",
"path": "bundle.js",
"pathFormatted": "req_bundle-js-0b837",
"stats": {
    "name": "bundle.js",
    "numberOfRequests": {
        "total": 3,
        "ok": 3,
        "ko": 0
    },
    "minResponseTime": {
        "total": 10,
        "ok": 10,
        "ko": 0
    },
    "maxResponseTime": {
        "total": 27,
        "ok": 27,
        "ko": 0
    },
    "meanResponseTime": {
        "total": 18,
        "ok": 18,
        "ko": 0
    },
    "standardDeviation": {
        "total": 7,
        "ok": 7,
        "ko": 0
    },
    "percentiles1": {
        "total": 16,
        "ok": 16,
        "ko": 0
    },
    "percentiles2": {
        "total": 22,
        "ok": 22,
        "ko": 0
    },
    "percentiles3": {
        "total": 26,
        "ok": 26,
        "ko": 0
    },
    "percentiles4": {
        "total": 27,
        "ok": 27,
        "ko": 0
    },
    "group1": {
    "name": "t < 800 ms",
    "count": 3,
    "percentage": 100
},
    "group2": {
    "name": "800 ms < t < 1200 ms",
    "count": 0,
    "percentage": 0
},
    "group3": {
    "name": "t > 1200 ms",
    "count": 0,
    "percentage": 0
},
    "group4": {
    "name": "failed",
    "count": 0,
    "percentage": 0
},
    "meanNumberOfRequestsPerSecond": {
        "total": 0.06,
        "ok": 0.06,
        "ko": 0
    }
}
    },"req_favicon-ico-8af3a": {
        "type": "REQUEST",
        "name": "favicon.ico",
"path": "favicon.ico",
"pathFormatted": "req_favicon-ico-8af3a",
"stats": {
    "name": "favicon.ico",
    "numberOfRequests": {
        "total": 3,
        "ok": 3,
        "ko": 0
    },
    "minResponseTime": {
        "total": 4,
        "ok": 4,
        "ko": 0
    },
    "maxResponseTime": {
        "total": 10,
        "ok": 10,
        "ko": 0
    },
    "meanResponseTime": {
        "total": 7,
        "ok": 7,
        "ko": 0
    },
    "standardDeviation": {
        "total": 2,
        "ok": 2,
        "ko": 0
    },
    "percentiles1": {
        "total": 8,
        "ok": 8,
        "ko": 0
    },
    "percentiles2": {
        "total": 9,
        "ok": 9,
        "ko": 0
    },
    "percentiles3": {
        "total": 10,
        "ok": 10,
        "ko": 0
    },
    "percentiles4": {
        "total": 10,
        "ok": 10,
        "ko": 0
    },
    "group1": {
    "name": "t < 800 ms",
    "count": 3,
    "percentage": 100
},
    "group2": {
    "name": "800 ms < t < 1200 ms",
    "count": 0,
    "percentage": 0
},
    "group3": {
    "name": "t > 1200 ms",
    "count": 0,
    "percentage": 0
},
    "group4": {
    "name": "failed",
    "count": 0,
    "percentage": 0
},
    "meanNumberOfRequestsPerSecond": {
        "total": 0.06,
        "ok": 0.06,
        "ko": 0
    }
}
    },"req_main-chunk-js-7361f": {
        "type": "REQUEST",
        "name": "main.chunk.js",
"path": "main.chunk.js",
"pathFormatted": "req_main-chunk-js-7361f",
"stats": {
    "name": "main.chunk.js",
    "numberOfRequests": {
        "total": 3,
        "ok": 3,
        "ko": 0
    },
    "minResponseTime": {
        "total": 12,
        "ok": 12,
        "ko": 0
    },
    "maxResponseTime": {
        "total": 35,
        "ok": 35,
        "ko": 0
    },
    "meanResponseTime": {
        "total": 26,
        "ok": 26,
        "ko": 0
    },
    "standardDeviation": {
        "total": 10,
        "ok": 10,
        "ko": 0
    },
    "percentiles1": {
        "total": 31,
        "ok": 31,
        "ko": 0
    },
    "percentiles2": {
        "total": 33,
        "ok": 33,
        "ko": 0
    },
    "percentiles3": {
        "total": 35,
        "ok": 35,
        "ko": 0
    },
    "percentiles4": {
        "total": 35,
        "ok": 35,
        "ko": 0
    },
    "group1": {
    "name": "t < 800 ms",
    "count": 3,
    "percentage": 100
},
    "group2": {
    "name": "800 ms < t < 1200 ms",
    "count": 0,
    "percentage": 0
},
    "group3": {
    "name": "t > 1200 ms",
    "count": 0,
    "percentage": 0
},
    "group4": {
    "name": "failed",
    "count": 0,
    "percentage": 0
},
    "meanNumberOfRequestsPerSecond": {
        "total": 0.06,
        "ok": 0.06,
        "ko": 0
    }
}
    },"req_0-chunk-js-ddd34": {
        "type": "REQUEST",
        "name": "0.chunk.js",
"path": "0.chunk.js",
"pathFormatted": "req_0-chunk-js-ddd34",
"stats": {
    "name": "0.chunk.js",
    "numberOfRequests": {
        "total": 3,
        "ok": 3,
        "ko": 0
    },
    "minResponseTime": {
        "total": 35,
        "ok": 35,
        "ko": 0
    },
    "maxResponseTime": {
        "total": 460,
        "ok": 460,
        "ko": 0
    },
    "meanResponseTime": {
        "total": 180,
        "ok": 180,
        "ko": 0
    },
    "standardDeviation": {
        "total": 198,
        "ok": 198,
        "ko": 0
    },
    "percentiles1": {
        "total": 44,
        "ok": 44,
        "ko": 0
    },
    "percentiles2": {
        "total": 252,
        "ok": 252,
        "ko": 0
    },
    "percentiles3": {
        "total": 418,
        "ok": 418,
        "ko": 0
    },
    "percentiles4": {
        "total": 452,
        "ok": 452,
        "ko": 0
    },
    "group1": {
    "name": "t < 800 ms",
    "count": 3,
    "percentage": 100
},
    "group2": {
    "name": "800 ms < t < 1200 ms",
    "count": 0,
    "percentage": 0
},
    "group3": {
    "name": "t > 1200 ms",
    "count": 0,
    "percentage": 0
},
    "group4": {
    "name": "failed",
    "count": 0,
    "percentage": 0
},
    "meanNumberOfRequestsPerSecond": {
        "total": 0.06,
        "ok": 0.06,
        "ko": 0
    }
}
    },"req_request-1-46da4": {
        "type": "REQUEST",
        "name": "request_1",
"path": "request_1",
"pathFormatted": "req_request-1-46da4",
"stats": {
    "name": "request_1",
    "numberOfRequests": {
        "total": 1,
        "ok": 1,
        "ko": 0
    },
    "minResponseTime": {
        "total": 8,
        "ok": 8,
        "ko": 0
    },
    "maxResponseTime": {
        "total": 8,
        "ok": 8,
        "ko": 0
    },
    "meanResponseTime": {
        "total": 8,
        "ok": 8,
        "ko": 0
    },
    "standardDeviation": {
        "total": 0,
        "ok": 0,
        "ko": 0
    },
    "percentiles1": {
        "total": 8,
        "ok": 8,
        "ko": 0
    },
    "percentiles2": {
        "total": 8,
        "ok": 8,
        "ko": 0
    },
    "percentiles3": {
        "total": 8,
        "ok": 8,
        "ko": 0
    },
    "percentiles4": {
        "total": 8,
        "ok": 8,
        "ko": 0
    },
    "group1": {
    "name": "t < 800 ms",
    "count": 1,
    "percentage": 100
},
    "group2": {
    "name": "800 ms < t < 1200 ms",
    "count": 0,
    "percentage": 0
},
    "group3": {
    "name": "t > 1200 ms",
    "count": 0,
    "percentage": 0
},
    "group4": {
    "name": "failed",
    "count": 0,
    "percentage": 0
},
    "meanNumberOfRequestsPerSecond": {
        "total": 0.02,
        "ok": 0.02,
        "ko": 0
    }
}
    },"req_request-2-93baf": {
        "type": "REQUEST",
        "name": "request_2",
"path": "request_2",
"pathFormatted": "req_request-2-93baf",
"stats": {
    "name": "request_2",
    "numberOfRequests": {
        "total": 1,
        "ok": 1,
        "ko": 0
    },
    "minResponseTime": {
        "total": 4,
        "ok": 4,
        "ko": 0
    },
    "maxResponseTime": {
        "total": 4,
        "ok": 4,
        "ko": 0
    },
    "meanResponseTime": {
        "total": 4,
        "ok": 4,
        "ko": 0
    },
    "standardDeviation": {
        "total": 0,
        "ok": 0,
        "ko": 0
    },
    "percentiles1": {
        "total": 4,
        "ok": 4,
        "ko": 0
    },
    "percentiles2": {
        "total": 4,
        "ok": 4,
        "ko": 0
    },
    "percentiles3": {
        "total": 4,
        "ok": 4,
        "ko": 0
    },
    "percentiles4": {
        "total": 4,
        "ok": 4,
        "ko": 0
    },
    "group1": {
    "name": "t < 800 ms",
    "count": 1,
    "percentage": 100
},
    "group2": {
    "name": "800 ms < t < 1200 ms",
    "count": 0,
    "percentage": 0
},
    "group3": {
    "name": "t > 1200 ms",
    "count": 0,
    "percentage": 0
},
    "group4": {
    "name": "failed",
    "count": 0,
    "percentage": 0
},
    "meanNumberOfRequestsPerSecond": {
        "total": 0.02,
        "ok": 0.02,
        "ko": 0
    }
}
    },"req_request-3-d0973": {
        "type": "REQUEST",
        "name": "request_3",
"path": "request_3",
"pathFormatted": "req_request-3-d0973",
"stats": {
    "name": "request_3",
    "numberOfRequests": {
        "total": 1,
        "ok": 1,
        "ko": 0
    },
    "minResponseTime": {
        "total": 13,
        "ok": 13,
        "ko": 0
    },
    "maxResponseTime": {
        "total": 13,
        "ok": 13,
        "ko": 0
    },
    "meanResponseTime": {
        "total": 13,
        "ok": 13,
        "ko": 0
    },
    "standardDeviation": {
        "total": 0,
        "ok": 0,
        "ko": 0
    },
    "percentiles1": {
        "total": 13,
        "ok": 13,
        "ko": 0
    },
    "percentiles2": {
        "total": 13,
        "ok": 13,
        "ko": 0
    },
    "percentiles3": {
        "total": 13,
        "ok": 13,
        "ko": 0
    },
    "percentiles4": {
        "total": 13,
        "ok": 13,
        "ko": 0
    },
    "group1": {
    "name": "t < 800 ms",
    "count": 1,
    "percentage": 100
},
    "group2": {
    "name": "800 ms < t < 1200 ms",
    "count": 0,
    "percentage": 0
},
    "group3": {
    "name": "t > 1200 ms",
    "count": 0,
    "percentage": 0
},
    "group4": {
    "name": "failed",
    "count": 0,
    "percentage": 0
},
    "meanNumberOfRequestsPerSecond": {
        "total": 0.02,
        "ok": 0.02,
        "ko": 0
    }
}
    },"req_request-4-e7d1b": {
        "type": "REQUEST",
        "name": "request_4",
"path": "request_4",
"pathFormatted": "req_request-4-e7d1b",
"stats": {
    "name": "request_4",
    "numberOfRequests": {
        "total": 1,
        "ok": 1,
        "ko": 0
    },
    "minResponseTime": {
        "total": 10,
        "ok": 10,
        "ko": 0
    },
    "maxResponseTime": {
        "total": 10,
        "ok": 10,
        "ko": 0
    },
    "meanResponseTime": {
        "total": 10,
        "ok": 10,
        "ko": 0
    },
    "standardDeviation": {
        "total": 0,
        "ok": 0,
        "ko": 0
    },
    "percentiles1": {
        "total": 10,
        "ok": 10,
        "ko": 0
    },
    "percentiles2": {
        "total": 10,
        "ok": 10,
        "ko": 0
    },
    "percentiles3": {
        "total": 10,
        "ok": 10,
        "ko": 0
    },
    "percentiles4": {
        "total": 10,
        "ok": 10,
        "ko": 0
    },
    "group1": {
    "name": "t < 800 ms",
    "count": 1,
    "percentage": 100
},
    "group2": {
    "name": "800 ms < t < 1200 ms",
    "count": 0,
    "percentage": 0
},
    "group3": {
    "name": "t > 1200 ms",
    "count": 0,
    "percentage": 0
},
    "group4": {
    "name": "failed",
    "count": 0,
    "percentage": 0
},
    "meanNumberOfRequestsPerSecond": {
        "total": 0.02,
        "ok": 0.02,
        "ko": 0
    }
}
    },"req_request-5-48829": {
        "type": "REQUEST",
        "name": "request_5",
"path": "request_5",
"pathFormatted": "req_request-5-48829",
"stats": {
    "name": "request_5",
    "numberOfRequests": {
        "total": 1,
        "ok": 1,
        "ko": 0
    },
    "minResponseTime": {
        "total": 15,
        "ok": 15,
        "ko": 0
    },
    "maxResponseTime": {
        "total": 15,
        "ok": 15,
        "ko": 0
    },
    "meanResponseTime": {
        "total": 15,
        "ok": 15,
        "ko": 0
    },
    "standardDeviation": {
        "total": 0,
        "ok": 0,
        "ko": 0
    },
    "percentiles1": {
        "total": 15,
        "ok": 15,
        "ko": 0
    },
    "percentiles2": {
        "total": 15,
        "ok": 15,
        "ko": 0
    },
    "percentiles3": {
        "total": 15,
        "ok": 15,
        "ko": 0
    },
    "percentiles4": {
        "total": 15,
        "ok": 15,
        "ko": 0
    },
    "group1": {
    "name": "t < 800 ms",
    "count": 1,
    "percentage": 100
},
    "group2": {
    "name": "800 ms < t < 1200 ms",
    "count": 0,
    "percentage": 0
},
    "group3": {
    "name": "t > 1200 ms",
    "count": 0,
    "percentage": 0
},
    "group4": {
    "name": "failed",
    "count": 0,
    "percentage": 0
},
    "meanNumberOfRequestsPerSecond": {
        "total": 0.02,
        "ok": 0.02,
        "ko": 0
    }
}
    },"req_request-6-027a9": {
        "type": "REQUEST",
        "name": "request_6",
"path": "request_6",
"pathFormatted": "req_request-6-027a9",
"stats": {
    "name": "request_6",
    "numberOfRequests": {
        "total": 1,
        "ok": 1,
        "ko": 0
    },
    "minResponseTime": {
        "total": 8,
        "ok": 8,
        "ko": 0
    },
    "maxResponseTime": {
        "total": 8,
        "ok": 8,
        "ko": 0
    },
    "meanResponseTime": {
        "total": 8,
        "ok": 8,
        "ko": 0
    },
    "standardDeviation": {
        "total": 0,
        "ok": 0,
        "ko": 0
    },
    "percentiles1": {
        "total": 8,
        "ok": 8,
        "ko": 0
    },
    "percentiles2": {
        "total": 8,
        "ok": 8,
        "ko": 0
    },
    "percentiles3": {
        "total": 8,
        "ok": 8,
        "ko": 0
    },
    "percentiles4": {
        "total": 8,
        "ok": 8,
        "ko": 0
    },
    "group1": {
    "name": "t < 800 ms",
    "count": 1,
    "percentage": 100
},
    "group2": {
    "name": "800 ms < t < 1200 ms",
    "count": 0,
    "percentage": 0
},
    "group3": {
    "name": "t > 1200 ms",
    "count": 0,
    "percentage": 0
},
    "group4": {
    "name": "failed",
    "count": 0,
    "percentage": 0
},
    "meanNumberOfRequestsPerSecond": {
        "total": 0.02,
        "ok": 0.02,
        "ko": 0
    }
}
    },"req_request-7-f222f": {
        "type": "REQUEST",
        "name": "request_7",
"path": "request_7",
"pathFormatted": "req_request-7-f222f",
"stats": {
    "name": "request_7",
    "numberOfRequests": {
        "total": 1,
        "ok": 1,
        "ko": 0
    },
    "minResponseTime": {
        "total": 5,
        "ok": 5,
        "ko": 0
    },
    "maxResponseTime": {
        "total": 5,
        "ok": 5,
        "ko": 0
    },
    "meanResponseTime": {
        "total": 5,
        "ok": 5,
        "ko": 0
    },
    "standardDeviation": {
        "total": 0,
        "ok": 0,
        "ko": 0
    },
    "percentiles1": {
        "total": 5,
        "ok": 5,
        "ko": 0
    },
    "percentiles2": {
        "total": 5,
        "ok": 5,
        "ko": 0
    },
    "percentiles3": {
        "total": 5,
        "ok": 5,
        "ko": 0
    },
    "percentiles4": {
        "total": 5,
        "ok": 5,
        "ko": 0
    },
    "group1": {
    "name": "t < 800 ms",
    "count": 1,
    "percentage": 100
},
    "group2": {
    "name": "800 ms < t < 1200 ms",
    "count": 0,
    "percentage": 0
},
    "group3": {
    "name": "t > 1200 ms",
    "count": 0,
    "percentage": 0
},
    "group4": {
    "name": "failed",
    "count": 0,
    "percentage": 0
},
    "meanNumberOfRequestsPerSecond": {
        "total": 0.02,
        "ok": 0.02,
        "ko": 0
    }
}
    },"req_request-8-ef0c8": {
        "type": "REQUEST",
        "name": "request_8",
"path": "request_8",
"pathFormatted": "req_request-8-ef0c8",
"stats": {
    "name": "request_8",
    "numberOfRequests": {
        "total": 1,
        "ok": 1,
        "ko": 0
    },
    "minResponseTime": {
        "total": 9,
        "ok": 9,
        "ko": 0
    },
    "maxResponseTime": {
        "total": 9,
        "ok": 9,
        "ko": 0
    },
    "meanResponseTime": {
        "total": 9,
        "ok": 9,
        "ko": 0
    },
    "standardDeviation": {
        "total": 0,
        "ok": 0,
        "ko": 0
    },
    "percentiles1": {
        "total": 9,
        "ok": 9,
        "ko": 0
    },
    "percentiles2": {
        "total": 9,
        "ok": 9,
        "ko": 0
    },
    "percentiles3": {
        "total": 9,
        "ok": 9,
        "ko": 0
    },
    "percentiles4": {
        "total": 9,
        "ok": 9,
        "ko": 0
    },
    "group1": {
    "name": "t < 800 ms",
    "count": 1,
    "percentage": 100
},
    "group2": {
    "name": "800 ms < t < 1200 ms",
    "count": 0,
    "percentage": 0
},
    "group3": {
    "name": "t > 1200 ms",
    "count": 0,
    "percentage": 0
},
    "group4": {
    "name": "failed",
    "count": 0,
    "percentage": 0
},
    "meanNumberOfRequestsPerSecond": {
        "total": 0.02,
        "ok": 0.02,
        "ko": 0
    }
}
    },"req_request-9-d127e": {
        "type": "REQUEST",
        "name": "request_9",
"path": "request_9",
"pathFormatted": "req_request-9-d127e",
"stats": {
    "name": "request_9",
    "numberOfRequests": {
        "total": 1,
        "ok": 1,
        "ko": 0
    },
    "minResponseTime": {
        "total": 10,
        "ok": 10,
        "ko": 0
    },
    "maxResponseTime": {
        "total": 10,
        "ok": 10,
        "ko": 0
    },
    "meanResponseTime": {
        "total": 10,
        "ok": 10,
        "ko": 0
    },
    "standardDeviation": {
        "total": 0,
        "ok": 0,
        "ko": 0
    },
    "percentiles1": {
        "total": 10,
        "ok": 10,
        "ko": 0
    },
    "percentiles2": {
        "total": 10,
        "ok": 10,
        "ko": 0
    },
    "percentiles3": {
        "total": 10,
        "ok": 10,
        "ko": 0
    },
    "percentiles4": {
        "total": 10,
        "ok": 10,
        "ko": 0
    },
    "group1": {
    "name": "t < 800 ms",
    "count": 1,
    "percentage": 100
},
    "group2": {
    "name": "800 ms < t < 1200 ms",
    "count": 0,
    "percentage": 0
},
    "group3": {
    "name": "t > 1200 ms",
    "count": 0,
    "percentage": 0
},
    "group4": {
    "name": "failed",
    "count": 0,
    "percentage": 0
},
    "meanNumberOfRequestsPerSecond": {
        "total": 0.02,
        "ok": 0.02,
        "ko": 0
    }
}
    },"req_request-11-f11e8": {
        "type": "REQUEST",
        "name": "request_11",
"path": "request_11",
"pathFormatted": "req_request-11-f11e8",
"stats": {
    "name": "request_11",
    "numberOfRequests": {
        "total": 1,
        "ok": 1,
        "ko": 0
    },
    "minResponseTime": {
        "total": 24,
        "ok": 24,
        "ko": 0
    },
    "maxResponseTime": {
        "total": 24,
        "ok": 24,
        "ko": 0
    },
    "meanResponseTime": {
        "total": 24,
        "ok": 24,
        "ko": 0
    },
    "standardDeviation": {
        "total": 0,
        "ok": 0,
        "ko": 0
    },
    "percentiles1": {
        "total": 24,
        "ok": 24,
        "ko": 0
    },
    "percentiles2": {
        "total": 24,
        "ok": 24,
        "ko": 0
    },
    "percentiles3": {
        "total": 24,
        "ok": 24,
        "ko": 0
    },
    "percentiles4": {
        "total": 24,
        "ok": 24,
        "ko": 0
    },
    "group1": {
    "name": "t < 800 ms",
    "count": 1,
    "percentage": 100
},
    "group2": {
    "name": "800 ms < t < 1200 ms",
    "count": 0,
    "percentage": 0
},
    "group3": {
    "name": "t > 1200 ms",
    "count": 0,
    "percentage": 0
},
    "group4": {
    "name": "failed",
    "count": 0,
    "percentage": 0
},
    "meanNumberOfRequestsPerSecond": {
        "total": 0.02,
        "ok": 0.02,
        "ko": 0
    }
}
    },"req_request-10-1cfbe": {
        "type": "REQUEST",
        "name": "request_10",
"path": "request_10",
"pathFormatted": "req_request-10-1cfbe",
"stats": {
    "name": "request_10",
    "numberOfRequests": {
        "total": 1,
        "ok": 1,
        "ko": 0
    },
    "minResponseTime": {
        "total": 5,
        "ok": 5,
        "ko": 0
    },
    "maxResponseTime": {
        "total": 5,
        "ok": 5,
        "ko": 0
    },
    "meanResponseTime": {
        "total": 5,
        "ok": 5,
        "ko": 0
    },
    "standardDeviation": {
        "total": 0,
        "ok": 0,
        "ko": 0
    },
    "percentiles1": {
        "total": 5,
        "ok": 5,
        "ko": 0
    },
    "percentiles2": {
        "total": 5,
        "ok": 5,
        "ko": 0
    },
    "percentiles3": {
        "total": 5,
        "ok": 5,
        "ko": 0
    },
    "percentiles4": {
        "total": 5,
        "ok": 5,
        "ko": 0
    },
    "group1": {
    "name": "t < 800 ms",
    "count": 1,
    "percentage": 100
},
    "group2": {
    "name": "800 ms < t < 1200 ms",
    "count": 0,
    "percentage": 0
},
    "group3": {
    "name": "t > 1200 ms",
    "count": 0,
    "percentage": 0
},
    "group4": {
    "name": "failed",
    "count": 0,
    "percentage": 0
},
    "meanNumberOfRequestsPerSecond": {
        "total": 0.02,
        "ok": 0.02,
        "ko": 0
    }
}
    },"req_request-12-61da2": {
        "type": "REQUEST",
        "name": "request_12",
"path": "request_12",
"pathFormatted": "req_request-12-61da2",
"stats": {
    "name": "request_12",
    "numberOfRequests": {
        "total": 2,
        "ok": 2,
        "ko": 0
    },
    "minResponseTime": {
        "total": 32,
        "ok": 32,
        "ko": 0
    },
    "maxResponseTime": {
        "total": 35,
        "ok": 35,
        "ko": 0
    },
    "meanResponseTime": {
        "total": 34,
        "ok": 34,
        "ko": 0
    },
    "standardDeviation": {
        "total": 2,
        "ok": 2,
        "ko": 0
    },
    "percentiles1": {
        "total": 34,
        "ok": 34,
        "ko": 0
    },
    "percentiles2": {
        "total": 34,
        "ok": 34,
        "ko": 0
    },
    "percentiles3": {
        "total": 35,
        "ok": 35,
        "ko": 0
    },
    "percentiles4": {
        "total": 35,
        "ok": 35,
        "ko": 0
    },
    "group1": {
    "name": "t < 800 ms",
    "count": 2,
    "percentage": 100
},
    "group2": {
    "name": "800 ms < t < 1200 ms",
    "count": 0,
    "percentage": 0
},
    "group3": {
    "name": "t > 1200 ms",
    "count": 0,
    "percentage": 0
},
    "group4": {
    "name": "failed",
    "count": 0,
    "percentage": 0
},
    "meanNumberOfRequestsPerSecond": {
        "total": 0.04,
        "ok": 0.04,
        "ko": 0
    }
}
    },"req_request-14-a0e30": {
        "type": "REQUEST",
        "name": "request_14",
"path": "request_14",
"pathFormatted": "req_request-14-a0e30",
"stats": {
    "name": "request_14",
    "numberOfRequests": {
        "total": 1,
        "ok": 1,
        "ko": 0
    },
    "minResponseTime": {
        "total": 27,
        "ok": 27,
        "ko": 0
    },
    "maxResponseTime": {
        "total": 27,
        "ok": 27,
        "ko": 0
    },
    "meanResponseTime": {
        "total": 27,
        "ok": 27,
        "ko": 0
    },
    "standardDeviation": {
        "total": 0,
        "ok": 0,
        "ko": 0
    },
    "percentiles1": {
        "total": 27,
        "ok": 27,
        "ko": 0
    },
    "percentiles2": {
        "total": 27,
        "ok": 27,
        "ko": 0
    },
    "percentiles3": {
        "total": 27,
        "ok": 27,
        "ko": 0
    },
    "percentiles4": {
        "total": 27,
        "ok": 27,
        "ko": 0
    },
    "group1": {
    "name": "t < 800 ms",
    "count": 1,
    "percentage": 100
},
    "group2": {
    "name": "800 ms < t < 1200 ms",
    "count": 0,
    "percentage": 0
},
    "group3": {
    "name": "t > 1200 ms",
    "count": 0,
    "percentage": 0
},
    "group4": {
    "name": "failed",
    "count": 0,
    "percentage": 0
},
    "meanNumberOfRequestsPerSecond": {
        "total": 0.02,
        "ok": 0.02,
        "ko": 0
    }
}
    },"req_request-13-5cca6": {
        "type": "REQUEST",
        "name": "request_13",
"path": "request_13",
"pathFormatted": "req_request-13-5cca6",
"stats": {
    "name": "request_13",
    "numberOfRequests": {
        "total": 1,
        "ok": 1,
        "ko": 0
    },
    "minResponseTime": {
        "total": 39,
        "ok": 39,
        "ko": 0
    },
    "maxResponseTime": {
        "total": 39,
        "ok": 39,
        "ko": 0
    },
    "meanResponseTime": {
        "total": 39,
        "ok": 39,
        "ko": 0
    },
    "standardDeviation": {
        "total": 0,
        "ok": 0,
        "ko": 0
    },
    "percentiles1": {
        "total": 39,
        "ok": 39,
        "ko": 0
    },
    "percentiles2": {
        "total": 39,
        "ok": 39,
        "ko": 0
    },
    "percentiles3": {
        "total": 39,
        "ok": 39,
        "ko": 0
    },
    "percentiles4": {
        "total": 39,
        "ok": 39,
        "ko": 0
    },
    "group1": {
    "name": "t < 800 ms",
    "count": 1,
    "percentage": 100
},
    "group2": {
    "name": "800 ms < t < 1200 ms",
    "count": 0,
    "percentage": 0
},
    "group3": {
    "name": "t > 1200 ms",
    "count": 0,
    "percentage": 0
},
    "group4": {
    "name": "failed",
    "count": 0,
    "percentage": 0
},
    "meanNumberOfRequestsPerSecond": {
        "total": 0.02,
        "ok": 0.02,
        "ko": 0
    }
}
    },"req_request-15-56eac": {
        "type": "REQUEST",
        "name": "request_15",
"path": "request_15",
"pathFormatted": "req_request-15-56eac",
"stats": {
    "name": "request_15",
    "numberOfRequests": {
        "total": 1,
        "ok": 1,
        "ko": 0
    },
    "minResponseTime": {
        "total": 105,
        "ok": 105,
        "ko": 0
    },
    "maxResponseTime": {
        "total": 105,
        "ok": 105,
        "ko": 0
    },
    "meanResponseTime": {
        "total": 105,
        "ok": 105,
        "ko": 0
    },
    "standardDeviation": {
        "total": 0,
        "ok": 0,
        "ko": 0
    },
    "percentiles1": {
        "total": 105,
        "ok": 105,
        "ko": 0
    },
    "percentiles2": {
        "total": 105,
        "ok": 105,
        "ko": 0
    },
    "percentiles3": {
        "total": 105,
        "ok": 105,
        "ko": 0
    },
    "percentiles4": {
        "total": 105,
        "ok": 105,
        "ko": 0
    },
    "group1": {
    "name": "t < 800 ms",
    "count": 1,
    "percentage": 100
},
    "group2": {
    "name": "800 ms < t < 1200 ms",
    "count": 0,
    "percentage": 0
},
    "group3": {
    "name": "t > 1200 ms",
    "count": 0,
    "percentage": 0
},
    "group4": {
    "name": "failed",
    "count": 0,
    "percentage": 0
},
    "meanNumberOfRequestsPerSecond": {
        "total": 0.02,
        "ok": 0.02,
        "ko": 0
    }
}
    },"req_request-16-24733": {
        "type": "REQUEST",
        "name": "request_16",
"path": "request_16",
"pathFormatted": "req_request-16-24733",
"stats": {
    "name": "request_16",
    "numberOfRequests": {
        "total": 1,
        "ok": 1,
        "ko": 0
    },
    "minResponseTime": {
        "total": 130,
        "ok": 130,
        "ko": 0
    },
    "maxResponseTime": {
        "total": 130,
        "ok": 130,
        "ko": 0
    },
    "meanResponseTime": {
        "total": 130,
        "ok": 130,
        "ko": 0
    },
    "standardDeviation": {
        "total": 0,
        "ok": 0,
        "ko": 0
    },
    "percentiles1": {
        "total": 130,
        "ok": 130,
        "ko": 0
    },
    "percentiles2": {
        "total": 130,
        "ok": 130,
        "ko": 0
    },
    "percentiles3": {
        "total": 130,
        "ok": 130,
        "ko": 0
    },
    "percentiles4": {
        "total": 130,
        "ok": 130,
        "ko": 0
    },
    "group1": {
    "name": "t < 800 ms",
    "count": 1,
    "percentage": 100
},
    "group2": {
    "name": "800 ms < t < 1200 ms",
    "count": 0,
    "percentage": 0
},
    "group3": {
    "name": "t > 1200 ms",
    "count": 0,
    "percentage": 0
},
    "group4": {
    "name": "failed",
    "count": 0,
    "percentage": 0
},
    "meanNumberOfRequestsPerSecond": {
        "total": 0.02,
        "ok": 0.02,
        "ko": 0
    }
}
    },"req_request-16-redi-ca4a2": {
        "type": "REQUEST",
        "name": "request_16 Redirect 1",
"path": "request_16 Redirect 1",
"pathFormatted": "req_request-16-redi-ca4a2",
"stats": {
    "name": "request_16 Redirect 1",
    "numberOfRequests": {
        "total": 1,
        "ok": 1,
        "ko": 0
    },
    "minResponseTime": {
        "total": 8,
        "ok": 8,
        "ko": 0
    },
    "maxResponseTime": {
        "total": 8,
        "ok": 8,
        "ko": 0
    },
    "meanResponseTime": {
        "total": 8,
        "ok": 8,
        "ko": 0
    },
    "standardDeviation": {
        "total": 0,
        "ok": 0,
        "ko": 0
    },
    "percentiles1": {
        "total": 8,
        "ok": 8,
        "ko": 0
    },
    "percentiles2": {
        "total": 8,
        "ok": 8,
        "ko": 0
    },
    "percentiles3": {
        "total": 8,
        "ok": 8,
        "ko": 0
    },
    "percentiles4": {
        "total": 8,
        "ok": 8,
        "ko": 0
    },
    "group1": {
    "name": "t < 800 ms",
    "count": 1,
    "percentage": 100
},
    "group2": {
    "name": "800 ms < t < 1200 ms",
    "count": 0,
    "percentage": 0
},
    "group3": {
    "name": "t > 1200 ms",
    "count": 0,
    "percentage": 0
},
    "group4": {
    "name": "failed",
    "count": 0,
    "percentage": 0
},
    "meanNumberOfRequestsPerSecond": {
        "total": 0.02,
        "ok": 0.02,
        "ko": 0
    }
}
    },"req_request-16-redi-74dda": {
        "type": "REQUEST",
        "name": "request_16 Redirect 2",
"path": "request_16 Redirect 2",
"pathFormatted": "req_request-16-redi-74dda",
"stats": {
    "name": "request_16 Redirect 2",
    "numberOfRequests": {
        "total": 1,
        "ok": 1,
        "ko": 0
    },
    "minResponseTime": {
        "total": 55,
        "ok": 55,
        "ko": 0
    },
    "maxResponseTime": {
        "total": 55,
        "ok": 55,
        "ko": 0
    },
    "meanResponseTime": {
        "total": 55,
        "ok": 55,
        "ko": 0
    },
    "standardDeviation": {
        "total": 0,
        "ok": 0,
        "ko": 0
    },
    "percentiles1": {
        "total": 55,
        "ok": 55,
        "ko": 0
    },
    "percentiles2": {
        "total": 55,
        "ok": 55,
        "ko": 0
    },
    "percentiles3": {
        "total": 55,
        "ok": 55,
        "ko": 0
    },
    "percentiles4": {
        "total": 55,
        "ok": 55,
        "ko": 0
    },
    "group1": {
    "name": "t < 800 ms",
    "count": 1,
    "percentage": 100
},
    "group2": {
    "name": "800 ms < t < 1200 ms",
    "count": 0,
    "percentage": 0
},
    "group3": {
    "name": "t > 1200 ms",
    "count": 0,
    "percentage": 0
},
    "group4": {
    "name": "failed",
    "count": 0,
    "percentage": 0
},
    "meanNumberOfRequestsPerSecond": {
        "total": 0.02,
        "ok": 0.02,
        "ko": 0
    }
}
    },"req_request-16-redi-6b920": {
        "type": "REQUEST",
        "name": "request_16 Redirect 3",
"path": "request_16 Redirect 3",
"pathFormatted": "req_request-16-redi-6b920",
"stats": {
    "name": "request_16 Redirect 3",
    "numberOfRequests": {
        "total": 1,
        "ok": 1,
        "ko": 0
    },
    "minResponseTime": {
        "total": 8,
        "ok": 8,
        "ko": 0
    },
    "maxResponseTime": {
        "total": 8,
        "ok": 8,
        "ko": 0
    },
    "meanResponseTime": {
        "total": 8,
        "ok": 8,
        "ko": 0
    },
    "standardDeviation": {
        "total": 0,
        "ok": 0,
        "ko": 0
    },
    "percentiles1": {
        "total": 8,
        "ok": 8,
        "ko": 0
    },
    "percentiles2": {
        "total": 8,
        "ok": 8,
        "ko": 0
    },
    "percentiles3": {
        "total": 8,
        "ok": 8,
        "ko": 0
    },
    "percentiles4": {
        "total": 8,
        "ok": 8,
        "ko": 0
    },
    "group1": {
    "name": "t < 800 ms",
    "count": 1,
    "percentage": 100
},
    "group2": {
    "name": "800 ms < t < 1200 ms",
    "count": 0,
    "percentage": 0
},
    "group3": {
    "name": "t > 1200 ms",
    "count": 0,
    "percentage": 0
},
    "group4": {
    "name": "failed",
    "count": 0,
    "percentage": 0
},
    "meanNumberOfRequestsPerSecond": {
        "total": 0.02,
        "ok": 0.02,
        "ko": 0
    }
}
    },"req_request-19-10d85": {
        "type": "REQUEST",
        "name": "request_19",
"path": "request_19",
"pathFormatted": "req_request-19-10d85",
"stats": {
    "name": "request_19",
    "numberOfRequests": {
        "total": 1,
        "ok": 1,
        "ko": 0
    },
    "minResponseTime": {
        "total": 93,
        "ok": 93,
        "ko": 0
    },
    "maxResponseTime": {
        "total": 93,
        "ok": 93,
        "ko": 0
    },
    "meanResponseTime": {
        "total": 93,
        "ok": 93,
        "ko": 0
    },
    "standardDeviation": {
        "total": 0,
        "ok": 0,
        "ko": 0
    },
    "percentiles1": {
        "total": 93,
        "ok": 93,
        "ko": 0
    },
    "percentiles2": {
        "total": 93,
        "ok": 93,
        "ko": 0
    },
    "percentiles3": {
        "total": 93,
        "ok": 93,
        "ko": 0
    },
    "percentiles4": {
        "total": 93,
        "ok": 93,
        "ko": 0
    },
    "group1": {
    "name": "t < 800 ms",
    "count": 1,
    "percentage": 100
},
    "group2": {
    "name": "800 ms < t < 1200 ms",
    "count": 0,
    "percentage": 0
},
    "group3": {
    "name": "t > 1200 ms",
    "count": 0,
    "percentage": 0
},
    "group4": {
    "name": "failed",
    "count": 0,
    "percentage": 0
},
    "meanNumberOfRequestsPerSecond": {
        "total": 0.02,
        "ok": 0.02,
        "ko": 0
    }
}
    },"req_request-17-cd6a2": {
        "type": "REQUEST",
        "name": "request_17",
"path": "request_17",
"pathFormatted": "req_request-17-cd6a2",
"stats": {
    "name": "request_17",
    "numberOfRequests": {
        "total": 1,
        "ok": 1,
        "ko": 0
    },
    "minResponseTime": {
        "total": 43,
        "ok": 43,
        "ko": 0
    },
    "maxResponseTime": {
        "total": 43,
        "ok": 43,
        "ko": 0
    },
    "meanResponseTime": {
        "total": 43,
        "ok": 43,
        "ko": 0
    },
    "standardDeviation": {
        "total": 0,
        "ok": 0,
        "ko": 0
    },
    "percentiles1": {
        "total": 43,
        "ok": 43,
        "ko": 0
    },
    "percentiles2": {
        "total": 43,
        "ok": 43,
        "ko": 0
    },
    "percentiles3": {
        "total": 43,
        "ok": 43,
        "ko": 0
    },
    "percentiles4": {
        "total": 43,
        "ok": 43,
        "ko": 0
    },
    "group1": {
    "name": "t < 800 ms",
    "count": 1,
    "percentage": 100
},
    "group2": {
    "name": "800 ms < t < 1200 ms",
    "count": 0,
    "percentage": 0
},
    "group3": {
    "name": "t > 1200 ms",
    "count": 0,
    "percentage": 0
},
    "group4": {
    "name": "failed",
    "count": 0,
    "percentage": 0
},
    "meanNumberOfRequestsPerSecond": {
        "total": 0.02,
        "ok": 0.02,
        "ko": 0
    }
}
    },"req_request-18-f5b64": {
        "type": "REQUEST",
        "name": "request_18",
"path": "request_18",
"pathFormatted": "req_request-18-f5b64",
"stats": {
    "name": "request_18",
    "numberOfRequests": {
        "total": 1,
        "ok": 1,
        "ko": 0
    },
    "minResponseTime": {
        "total": 42,
        "ok": 42,
        "ko": 0
    },
    "maxResponseTime": {
        "total": 42,
        "ok": 42,
        "ko": 0
    },
    "meanResponseTime": {
        "total": 42,
        "ok": 42,
        "ko": 0
    },
    "standardDeviation": {
        "total": 0,
        "ok": 0,
        "ko": 0
    },
    "percentiles1": {
        "total": 42,
        "ok": 42,
        "ko": 0
    },
    "percentiles2": {
        "total": 42,
        "ok": 42,
        "ko": 0
    },
    "percentiles3": {
        "total": 42,
        "ok": 42,
        "ko": 0
    },
    "percentiles4": {
        "total": 42,
        "ok": 42,
        "ko": 0
    },
    "group1": {
    "name": "t < 800 ms",
    "count": 1,
    "percentage": 100
},
    "group2": {
    "name": "800 ms < t < 1200 ms",
    "count": 0,
    "percentage": 0
},
    "group3": {
    "name": "t > 1200 ms",
    "count": 0,
    "percentage": 0
},
    "group4": {
    "name": "failed",
    "count": 0,
    "percentage": 0
},
    "meanNumberOfRequestsPerSecond": {
        "total": 0.02,
        "ok": 0.02,
        "ko": 0
    }
}
    },"req_request-20-6804b": {
        "type": "REQUEST",
        "name": "request_20",
"path": "request_20",
"pathFormatted": "req_request-20-6804b",
"stats": {
    "name": "request_20",
    "numberOfRequests": {
        "total": 1,
        "ok": 1,
        "ko": 0
    },
    "minResponseTime": {
        "total": 92,
        "ok": 92,
        "ko": 0
    },
    "maxResponseTime": {
        "total": 92,
        "ok": 92,
        "ko": 0
    },
    "meanResponseTime": {
        "total": 92,
        "ok": 92,
        "ko": 0
    },
    "standardDeviation": {
        "total": 0,
        "ok": 0,
        "ko": 0
    },
    "percentiles1": {
        "total": 92,
        "ok": 92,
        "ko": 0
    },
    "percentiles2": {
        "total": 92,
        "ok": 92,
        "ko": 0
    },
    "percentiles3": {
        "total": 92,
        "ok": 92,
        "ko": 0
    },
    "percentiles4": {
        "total": 92,
        "ok": 92,
        "ko": 0
    },
    "group1": {
    "name": "t < 800 ms",
    "count": 1,
    "percentage": 100
},
    "group2": {
    "name": "800 ms < t < 1200 ms",
    "count": 0,
    "percentage": 0
},
    "group3": {
    "name": "t > 1200 ms",
    "count": 0,
    "percentage": 0
},
    "group4": {
    "name": "failed",
    "count": 0,
    "percentage": 0
},
    "meanNumberOfRequestsPerSecond": {
        "total": 0.02,
        "ok": 0.02,
        "ko": 0
    }
}
    },"req_request-22-8ecb1": {
        "type": "REQUEST",
        "name": "request_22",
"path": "request_22",
"pathFormatted": "req_request-22-8ecb1",
"stats": {
    "name": "request_22",
    "numberOfRequests": {
        "total": 1,
        "ok": 1,
        "ko": 0
    },
    "minResponseTime": {
        "total": 108,
        "ok": 108,
        "ko": 0
    },
    "maxResponseTime": {
        "total": 108,
        "ok": 108,
        "ko": 0
    },
    "meanResponseTime": {
        "total": 108,
        "ok": 108,
        "ko": 0
    },
    "standardDeviation": {
        "total": 0,
        "ok": 0,
        "ko": 0
    },
    "percentiles1": {
        "total": 108,
        "ok": 108,
        "ko": 0
    },
    "percentiles2": {
        "total": 108,
        "ok": 108,
        "ko": 0
    },
    "percentiles3": {
        "total": 108,
        "ok": 108,
        "ko": 0
    },
    "percentiles4": {
        "total": 108,
        "ok": 108,
        "ko": 0
    },
    "group1": {
    "name": "t < 800 ms",
    "count": 1,
    "percentage": 100
},
    "group2": {
    "name": "800 ms < t < 1200 ms",
    "count": 0,
    "percentage": 0
},
    "group3": {
    "name": "t > 1200 ms",
    "count": 0,
    "percentage": 0
},
    "group4": {
    "name": "failed",
    "count": 0,
    "percentage": 0
},
    "meanNumberOfRequestsPerSecond": {
        "total": 0.02,
        "ok": 0.02,
        "ko": 0
    }
}
    },"req_request-21-be4cb": {
        "type": "REQUEST",
        "name": "request_21",
"path": "request_21",
"pathFormatted": "req_request-21-be4cb",
"stats": {
    "name": "request_21",
    "numberOfRequests": {
        "total": 1,
        "ok": 1,
        "ko": 0
    },
    "minResponseTime": {
        "total": 76,
        "ok": 76,
        "ko": 0
    },
    "maxResponseTime": {
        "total": 76,
        "ok": 76,
        "ko": 0
    },
    "meanResponseTime": {
        "total": 76,
        "ok": 76,
        "ko": 0
    },
    "standardDeviation": {
        "total": 0,
        "ok": 0,
        "ko": 0
    },
    "percentiles1": {
        "total": 76,
        "ok": 76,
        "ko": 0
    },
    "percentiles2": {
        "total": 76,
        "ok": 76,
        "ko": 0
    },
    "percentiles3": {
        "total": 76,
        "ok": 76,
        "ko": 0
    },
    "percentiles4": {
        "total": 76,
        "ok": 76,
        "ko": 0
    },
    "group1": {
    "name": "t < 800 ms",
    "count": 1,
    "percentage": 100
},
    "group2": {
    "name": "800 ms < t < 1200 ms",
    "count": 0,
    "percentage": 0
},
    "group3": {
    "name": "t > 1200 ms",
    "count": 0,
    "percentage": 0
},
    "group4": {
    "name": "failed",
    "count": 0,
    "percentage": 0
},
    "meanNumberOfRequestsPerSecond": {
        "total": 0.02,
        "ok": 0.02,
        "ko": 0
    }
}
    },"req_request-23-98f5d": {
        "type": "REQUEST",
        "name": "request_23",
"path": "request_23",
"pathFormatted": "req_request-23-98f5d",
"stats": {
    "name": "request_23",
    "numberOfRequests": {
        "total": 1,
        "ok": 1,
        "ko": 0
    },
    "minResponseTime": {
        "total": 102,
        "ok": 102,
        "ko": 0
    },
    "maxResponseTime": {
        "total": 102,
        "ok": 102,
        "ko": 0
    },
    "meanResponseTime": {
        "total": 102,
        "ok": 102,
        "ko": 0
    },
    "standardDeviation": {
        "total": 0,
        "ok": 0,
        "ko": 0
    },
    "percentiles1": {
        "total": 102,
        "ok": 102,
        "ko": 0
    },
    "percentiles2": {
        "total": 102,
        "ok": 102,
        "ko": 0
    },
    "percentiles3": {
        "total": 102,
        "ok": 102,
        "ko": 0
    },
    "percentiles4": {
        "total": 102,
        "ok": 102,
        "ko": 0
    },
    "group1": {
    "name": "t < 800 ms",
    "count": 1,
    "percentage": 100
},
    "group2": {
    "name": "800 ms < t < 1200 ms",
    "count": 0,
    "percentage": 0
},
    "group3": {
    "name": "t > 1200 ms",
    "count": 0,
    "percentage": 0
},
    "group4": {
    "name": "failed",
    "count": 0,
    "percentage": 0
},
    "meanNumberOfRequestsPerSecond": {
        "total": 0.02,
        "ok": 0.02,
        "ko": 0
    }
}
    },"req_request-24-dd0c9": {
        "type": "REQUEST",
        "name": "request_24",
"path": "request_24",
"pathFormatted": "req_request-24-dd0c9",
"stats": {
    "name": "request_24",
    "numberOfRequests": {
        "total": 1,
        "ok": 1,
        "ko": 0
    },
    "minResponseTime": {
        "total": 93,
        "ok": 93,
        "ko": 0
    },
    "maxResponseTime": {
        "total": 93,
        "ok": 93,
        "ko": 0
    },
    "meanResponseTime": {
        "total": 93,
        "ok": 93,
        "ko": 0
    },
    "standardDeviation": {
        "total": 0,
        "ok": 0,
        "ko": 0
    },
    "percentiles1": {
        "total": 93,
        "ok": 93,
        "ko": 0
    },
    "percentiles2": {
        "total": 93,
        "ok": 93,
        "ko": 0
    },
    "percentiles3": {
        "total": 93,
        "ok": 93,
        "ko": 0
    },
    "percentiles4": {
        "total": 93,
        "ok": 93,
        "ko": 0
    },
    "group1": {
    "name": "t < 800 ms",
    "count": 1,
    "percentage": 100
},
    "group2": {
    "name": "800 ms < t < 1200 ms",
    "count": 0,
    "percentage": 0
},
    "group3": {
    "name": "t > 1200 ms",
    "count": 0,
    "percentage": 0
},
    "group4": {
    "name": "failed",
    "count": 0,
    "percentage": 0
},
    "meanNumberOfRequestsPerSecond": {
        "total": 0.02,
        "ok": 0.02,
        "ko": 0
    }
}
    },"req_request-25-20ee6": {
        "type": "REQUEST",
        "name": "request_25",
"path": "request_25",
"pathFormatted": "req_request-25-20ee6",
"stats": {
    "name": "request_25",
    "numberOfRequests": {
        "total": 1,
        "ok": 1,
        "ko": 0
    },
    "minResponseTime": {
        "total": 2,
        "ok": 2,
        "ko": 0
    },
    "maxResponseTime": {
        "total": 2,
        "ok": 2,
        "ko": 0
    },
    "meanResponseTime": {
        "total": 2,
        "ok": 2,
        "ko": 0
    },
    "standardDeviation": {
        "total": 0,
        "ok": 0,
        "ko": 0
    },
    "percentiles1": {
        "total": 2,
        "ok": 2,
        "ko": 0
    },
    "percentiles2": {
        "total": 2,
        "ok": 2,
        "ko": 0
    },
    "percentiles3": {
        "total": 2,
        "ok": 2,
        "ko": 0
    },
    "percentiles4": {
        "total": 2,
        "ok": 2,
        "ko": 0
    },
    "group1": {
    "name": "t < 800 ms",
    "count": 1,
    "percentage": 100
},
    "group2": {
    "name": "800 ms < t < 1200 ms",
    "count": 0,
    "percentage": 0
},
    "group3": {
    "name": "t > 1200 ms",
    "count": 0,
    "percentage": 0
},
    "group4": {
    "name": "failed",
    "count": 0,
    "percentage": 0
},
    "meanNumberOfRequestsPerSecond": {
        "total": 0.02,
        "ok": 0.02,
        "ko": 0
    }
}
    },"req_request-26-18b3c": {
        "type": "REQUEST",
        "name": "request_26",
"path": "request_26",
"pathFormatted": "req_request-26-18b3c",
"stats": {
    "name": "request_26",
    "numberOfRequests": {
        "total": 1,
        "ok": 1,
        "ko": 0
    },
    "minResponseTime": {
        "total": 6,
        "ok": 6,
        "ko": 0
    },
    "maxResponseTime": {
        "total": 6,
        "ok": 6,
        "ko": 0
    },
    "meanResponseTime": {
        "total": 6,
        "ok": 6,
        "ko": 0
    },
    "standardDeviation": {
        "total": 0,
        "ok": 0,
        "ko": 0
    },
    "percentiles1": {
        "total": 6,
        "ok": 6,
        "ko": 0
    },
    "percentiles2": {
        "total": 6,
        "ok": 6,
        "ko": 0
    },
    "percentiles3": {
        "total": 6,
        "ok": 6,
        "ko": 0
    },
    "percentiles4": {
        "total": 6,
        "ok": 6,
        "ko": 0
    },
    "group1": {
    "name": "t < 800 ms",
    "count": 1,
    "percentage": 100
},
    "group2": {
    "name": "800 ms < t < 1200 ms",
    "count": 0,
    "percentage": 0
},
    "group3": {
    "name": "t > 1200 ms",
    "count": 0,
    "percentage": 0
},
    "group4": {
    "name": "failed",
    "count": 0,
    "percentage": 0
},
    "meanNumberOfRequestsPerSecond": {
        "total": 0.02,
        "ok": 0.02,
        "ko": 0
    }
}
    },"req_request-27-649b0": {
        "type": "REQUEST",
        "name": "request_27",
"path": "request_27",
"pathFormatted": "req_request-27-649b0",
"stats": {
    "name": "request_27",
    "numberOfRequests": {
        "total": 1,
        "ok": 1,
        "ko": 0
    },
    "minResponseTime": {
        "total": 36,
        "ok": 36,
        "ko": 0
    },
    "maxResponseTime": {
        "total": 36,
        "ok": 36,
        "ko": 0
    },
    "meanResponseTime": {
        "total": 36,
        "ok": 36,
        "ko": 0
    },
    "standardDeviation": {
        "total": 0,
        "ok": 0,
        "ko": 0
    },
    "percentiles1": {
        "total": 36,
        "ok": 36,
        "ko": 0
    },
    "percentiles2": {
        "total": 36,
        "ok": 36,
        "ko": 0
    },
    "percentiles3": {
        "total": 36,
        "ok": 36,
        "ko": 0
    },
    "percentiles4": {
        "total": 36,
        "ok": 36,
        "ko": 0
    },
    "group1": {
    "name": "t < 800 ms",
    "count": 1,
    "percentage": 100
},
    "group2": {
    "name": "800 ms < t < 1200 ms",
    "count": 0,
    "percentage": 0
},
    "group3": {
    "name": "t > 1200 ms",
    "count": 0,
    "percentage": 0
},
    "group4": {
    "name": "failed",
    "count": 0,
    "percentage": 0
},
    "meanNumberOfRequestsPerSecond": {
        "total": 0.02,
        "ok": 0.02,
        "ko": 0
    }
}
    },"req_request-28-297b8": {
        "type": "REQUEST",
        "name": "request_28",
"path": "request_28",
"pathFormatted": "req_request-28-297b8",
"stats": {
    "name": "request_28",
    "numberOfRequests": {
        "total": 1,
        "ok": 1,
        "ko": 0
    },
    "minResponseTime": {
        "total": 58,
        "ok": 58,
        "ko": 0
    },
    "maxResponseTime": {
        "total": 58,
        "ok": 58,
        "ko": 0
    },
    "meanResponseTime": {
        "total": 58,
        "ok": 58,
        "ko": 0
    },
    "standardDeviation": {
        "total": 0,
        "ok": 0,
        "ko": 0
    },
    "percentiles1": {
        "total": 58,
        "ok": 58,
        "ko": 0
    },
    "percentiles2": {
        "total": 58,
        "ok": 58,
        "ko": 0
    },
    "percentiles3": {
        "total": 58,
        "ok": 58,
        "ko": 0
    },
    "percentiles4": {
        "total": 58,
        "ok": 58,
        "ko": 0
    },
    "group1": {
    "name": "t < 800 ms",
    "count": 1,
    "percentage": 100
},
    "group2": {
    "name": "800 ms < t < 1200 ms",
    "count": 0,
    "percentage": 0
},
    "group3": {
    "name": "t > 1200 ms",
    "count": 0,
    "percentage": 0
},
    "group4": {
    "name": "failed",
    "count": 0,
    "percentage": 0
},
    "meanNumberOfRequestsPerSecond": {
        "total": 0.02,
        "ok": 0.02,
        "ko": 0
    }
}
    },"req_request-29-6a22e": {
        "type": "REQUEST",
        "name": "request_29",
"path": "request_29",
"pathFormatted": "req_request-29-6a22e",
"stats": {
    "name": "request_29",
    "numberOfRequests": {
        "total": 1,
        "ok": 1,
        "ko": 0
    },
    "minResponseTime": {
        "total": 69,
        "ok": 69,
        "ko": 0
    },
    "maxResponseTime": {
        "total": 69,
        "ok": 69,
        "ko": 0
    },
    "meanResponseTime": {
        "total": 69,
        "ok": 69,
        "ko": 0
    },
    "standardDeviation": {
        "total": 0,
        "ok": 0,
        "ko": 0
    },
    "percentiles1": {
        "total": 69,
        "ok": 69,
        "ko": 0
    },
    "percentiles2": {
        "total": 69,
        "ok": 69,
        "ko": 0
    },
    "percentiles3": {
        "total": 69,
        "ok": 69,
        "ko": 0
    },
    "percentiles4": {
        "total": 69,
        "ok": 69,
        "ko": 0
    },
    "group1": {
    "name": "t < 800 ms",
    "count": 1,
    "percentage": 100
},
    "group2": {
    "name": "800 ms < t < 1200 ms",
    "count": 0,
    "percentage": 0
},
    "group3": {
    "name": "t > 1200 ms",
    "count": 0,
    "percentage": 0
},
    "group4": {
    "name": "failed",
    "count": 0,
    "percentage": 0
},
    "meanNumberOfRequestsPerSecond": {
        "total": 0.02,
        "ok": 0.02,
        "ko": 0
    }
}
    },"req_request-30-b7b42": {
        "type": "REQUEST",
        "name": "request_30",
"path": "request_30",
"pathFormatted": "req_request-30-b7b42",
"stats": {
    "name": "request_30",
    "numberOfRequests": {
        "total": 1,
        "ok": 1,
        "ko": 0
    },
    "minResponseTime": {
        "total": 113,
        "ok": 113,
        "ko": 0
    },
    "maxResponseTime": {
        "total": 113,
        "ok": 113,
        "ko": 0
    },
    "meanResponseTime": {
        "total": 113,
        "ok": 113,
        "ko": 0
    },
    "standardDeviation": {
        "total": 0,
        "ok": 0,
        "ko": 0
    },
    "percentiles1": {
        "total": 113,
        "ok": 113,
        "ko": 0
    },
    "percentiles2": {
        "total": 113,
        "ok": 113,
        "ko": 0
    },
    "percentiles3": {
        "total": 113,
        "ok": 113,
        "ko": 0
    },
    "percentiles4": {
        "total": 113,
        "ok": 113,
        "ko": 0
    },
    "group1": {
    "name": "t < 800 ms",
    "count": 1,
    "percentage": 100
},
    "group2": {
    "name": "800 ms < t < 1200 ms",
    "count": 0,
    "percentage": 0
},
    "group3": {
    "name": "t > 1200 ms",
    "count": 0,
    "percentage": 0
},
    "group4": {
    "name": "failed",
    "count": 0,
    "percentage": 0
},
    "meanNumberOfRequestsPerSecond": {
        "total": 0.02,
        "ok": 0.02,
        "ko": 0
    }
}
    },"req_request-31-261d3": {
        "type": "REQUEST",
        "name": "request_31",
"path": "request_31",
"pathFormatted": "req_request-31-261d3",
"stats": {
    "name": "request_31",
    "numberOfRequests": {
        "total": 1,
        "ok": 1,
        "ko": 0
    },
    "minResponseTime": {
        "total": 69,
        "ok": 69,
        "ko": 0
    },
    "maxResponseTime": {
        "total": 69,
        "ok": 69,
        "ko": 0
    },
    "meanResponseTime": {
        "total": 69,
        "ok": 69,
        "ko": 0
    },
    "standardDeviation": {
        "total": 0,
        "ok": 0,
        "ko": 0
    },
    "percentiles1": {
        "total": 69,
        "ok": 69,
        "ko": 0
    },
    "percentiles2": {
        "total": 69,
        "ok": 69,
        "ko": 0
    },
    "percentiles3": {
        "total": 69,
        "ok": 69,
        "ko": 0
    },
    "percentiles4": {
        "total": 69,
        "ok": 69,
        "ko": 0
    },
    "group1": {
    "name": "t < 800 ms",
    "count": 1,
    "percentage": 100
},
    "group2": {
    "name": "800 ms < t < 1200 ms",
    "count": 0,
    "percentage": 0
},
    "group3": {
    "name": "t > 1200 ms",
    "count": 0,
    "percentage": 0
},
    "group4": {
    "name": "failed",
    "count": 0,
    "percentage": 0
},
    "meanNumberOfRequestsPerSecond": {
        "total": 0.02,
        "ok": 0.02,
        "ko": 0
    }
}
    },"req_request-32-84a21": {
        "type": "REQUEST",
        "name": "request_32",
"path": "request_32",
"pathFormatted": "req_request-32-84a21",
"stats": {
    "name": "request_32",
    "numberOfRequests": {
        "total": 1,
        "ok": 1,
        "ko": 0
    },
    "minResponseTime": {
        "total": 139,
        "ok": 139,
        "ko": 0
    },
    "maxResponseTime": {
        "total": 139,
        "ok": 139,
        "ko": 0
    },
    "meanResponseTime": {
        "total": 139,
        "ok": 139,
        "ko": 0
    },
    "standardDeviation": {
        "total": 0,
        "ok": 0,
        "ko": 0
    },
    "percentiles1": {
        "total": 139,
        "ok": 139,
        "ko": 0
    },
    "percentiles2": {
        "total": 139,
        "ok": 139,
        "ko": 0
    },
    "percentiles3": {
        "total": 139,
        "ok": 139,
        "ko": 0
    },
    "percentiles4": {
        "total": 139,
        "ok": 139,
        "ko": 0
    },
    "group1": {
    "name": "t < 800 ms",
    "count": 1,
    "percentage": 100
},
    "group2": {
    "name": "800 ms < t < 1200 ms",
    "count": 0,
    "percentage": 0
},
    "group3": {
    "name": "t > 1200 ms",
    "count": 0,
    "percentage": 0
},
    "group4": {
    "name": "failed",
    "count": 0,
    "percentage": 0
},
    "meanNumberOfRequestsPerSecond": {
        "total": 0.02,
        "ok": 0.02,
        "ko": 0
    }
}
    },"req_request-33-6bb92": {
        "type": "REQUEST",
        "name": "request_33",
"path": "request_33",
"pathFormatted": "req_request-33-6bb92",
"stats": {
    "name": "request_33",
    "numberOfRequests": {
        "total": 1,
        "ok": 1,
        "ko": 0
    },
    "minResponseTime": {
        "total": 30,
        "ok": 30,
        "ko": 0
    },
    "maxResponseTime": {
        "total": 30,
        "ok": 30,
        "ko": 0
    },
    "meanResponseTime": {
        "total": 30,
        "ok": 30,
        "ko": 0
    },
    "standardDeviation": {
        "total": 0,
        "ok": 0,
        "ko": 0
    },
    "percentiles1": {
        "total": 30,
        "ok": 30,
        "ko": 0
    },
    "percentiles2": {
        "total": 30,
        "ok": 30,
        "ko": 0
    },
    "percentiles3": {
        "total": 30,
        "ok": 30,
        "ko": 0
    },
    "percentiles4": {
        "total": 30,
        "ok": 30,
        "ko": 0
    },
    "group1": {
    "name": "t < 800 ms",
    "count": 1,
    "percentage": 100
},
    "group2": {
    "name": "800 ms < t < 1200 ms",
    "count": 0,
    "percentage": 0
},
    "group3": {
    "name": "t > 1200 ms",
    "count": 0,
    "percentage": 0
},
    "group4": {
    "name": "failed",
    "count": 0,
    "percentage": 0
},
    "meanNumberOfRequestsPerSecond": {
        "total": 0.02,
        "ok": 0.02,
        "ko": 0
    }
}
    },"req_request-34-d9757": {
        "type": "REQUEST",
        "name": "request_34",
"path": "request_34",
"pathFormatted": "req_request-34-d9757",
"stats": {
    "name": "request_34",
    "numberOfRequests": {
        "total": 1,
        "ok": 1,
        "ko": 0
    },
    "minResponseTime": {
        "total": 141,
        "ok": 141,
        "ko": 0
    },
    "maxResponseTime": {
        "total": 141,
        "ok": 141,
        "ko": 0
    },
    "meanResponseTime": {
        "total": 141,
        "ok": 141,
        "ko": 0
    },
    "standardDeviation": {
        "total": 0,
        "ok": 0,
        "ko": 0
    },
    "percentiles1": {
        "total": 141,
        "ok": 141,
        "ko": 0
    },
    "percentiles2": {
        "total": 141,
        "ok": 141,
        "ko": 0
    },
    "percentiles3": {
        "total": 141,
        "ok": 141,
        "ko": 0
    },
    "percentiles4": {
        "total": 141,
        "ok": 141,
        "ko": 0
    },
    "group1": {
    "name": "t < 800 ms",
    "count": 1,
    "percentage": 100
},
    "group2": {
    "name": "800 ms < t < 1200 ms",
    "count": 0,
    "percentage": 0
},
    "group3": {
    "name": "t > 1200 ms",
    "count": 0,
    "percentage": 0
},
    "group4": {
    "name": "failed",
    "count": 0,
    "percentage": 0
},
    "meanNumberOfRequestsPerSecond": {
        "total": 0.02,
        "ok": 0.02,
        "ko": 0
    }
}
    }
}

}