{
  "type": "GROUP",
"name": "Global Information",
"path": "",
"pathFormatted": "group_missing-name-b06d1",
"stats": {
    "name": "Global Information",
    "numberOfRequests": {
        "total": 2447,
        "ok": 2405,
        "ko": 42
    },
    "minResponseTime": {
        "total": 1,
        "ok": 1,
        "ko": 60000
    },
    "maxResponseTime": {
        "total": 60002,
        "ok": 33653,
        "ko": 60002
    },
    "meanResponseTime": {
        "total": 1550,
        "ok": 529,
        "ko": 60000
    },
    "standardDeviation": {
        "total": 7929,
        "ok": 1808,
        "ko": 1
    },
    "percentiles1": {
        "total": 90,
        "ok": 87,
        "ko": 60000
    },
    "percentiles2": {
        "total": 280,
        "ok": 250,
        "ko": 60001
    },
    "percentiles3": {
        "total": 3589,
        "ok": 1647,
        "ko": 60001
    },
    "percentiles4": {
        "total": 60000,
        "ok": 7411,
        "ko": 60002
    },
    "group1": {
    "name": "t < 800 ms",
    "count": 2086,
    "percentage": 85
},
    "group2": {
    "name": "800 ms < t < 1200 ms",
    "count": 92,
    "percentage": 4
},
    "group3": {
    "name": "t > 1200 ms",
    "count": 227,
    "percentage": 9
},
    "group4": {
    "name": "failed",
    "count": 42,
    "percentage": 2
},
    "meanNumberOfRequestsPerSecond": {
        "total": 12.61340206185567,
        "ok": 12.396907216494846,
        "ko": 0.21649484536082475
    }
},
"contents": {
"req_request-0-684d2": {
        "type": "REQUEST",
        "name": "request_0",
"path": "request_0",
"pathFormatted": "req_request-0-684d2",
"stats": {
    "name": "request_0",
    "numberOfRequests": {
        "total": 50,
        "ok": 50,
        "ko": 0
    },
    "minResponseTime": {
        "total": 83,
        "ok": 83,
        "ko": 0
    },
    "maxResponseTime": {
        "total": 246,
        "ok": 246,
        "ko": 0
    },
    "meanResponseTime": {
        "total": 173,
        "ok": 173,
        "ko": 0
    },
    "standardDeviation": {
        "total": 61,
        "ok": 61,
        "ko": 0
    },
    "percentiles1": {
        "total": 205,
        "ok": 205,
        "ko": 0
    },
    "percentiles2": {
        "total": 217,
        "ok": 217,
        "ko": 0
    },
    "percentiles3": {
        "total": 234,
        "ok": 234,
        "ko": 0
    },
    "percentiles4": {
        "total": 244,
        "ok": 244,
        "ko": 0
    },
    "group1": {
    "name": "t < 800 ms",
    "count": 50,
    "percentage": 100
},
    "group2": {
    "name": "800 ms < t < 1200 ms",
    "count": 0,
    "percentage": 0
},
    "group3": {
    "name": "t > 1200 ms",
    "count": 0,
    "percentage": 0
},
    "group4": {
    "name": "failed",
    "count": 0,
    "percentage": 0
},
    "meanNumberOfRequestsPerSecond": {
        "total": 0.25773195876288657,
        "ok": 0.25773195876288657,
        "ko": 0
    }
}
    },"req_leaflet-css-a4c98": {
        "type": "REQUEST",
        "name": "leaflet.css",
"path": "leaflet.css",
"pathFormatted": "req_leaflet-css-a4c98",
"stats": {
    "name": "leaflet.css",
    "numberOfRequests": {
        "total": 50,
        "ok": 50,
        "ko": 0
    },
    "minResponseTime": {
        "total": 88,
        "ok": 88,
        "ko": 0
    },
    "maxResponseTime": {
        "total": 174,
        "ok": 174,
        "ko": 0
    },
    "meanResponseTime": {
        "total": 135,
        "ok": 135,
        "ko": 0
    },
    "standardDeviation": {
        "total": 20,
        "ok": 20,
        "ko": 0
    },
    "percentiles1": {
        "total": 135,
        "ok": 135,
        "ko": 0
    },
    "percentiles2": {
        "total": 150,
        "ok": 150,
        "ko": 0
    },
    "percentiles3": {
        "total": 166,
        "ok": 166,
        "ko": 0
    },
    "percentiles4": {
        "total": 173,
        "ok": 173,
        "ko": 0
    },
    "group1": {
    "name": "t < 800 ms",
    "count": 50,
    "percentage": 100
},
    "group2": {
    "name": "800 ms < t < 1200 ms",
    "count": 0,
    "percentage": 0
},
    "group3": {
    "name": "t > 1200 ms",
    "count": 0,
    "percentage": 0
},
    "group4": {
    "name": "failed",
    "count": 0,
    "percentage": 0
},
    "meanNumberOfRequestsPerSecond": {
        "total": 0.25773195876288657,
        "ok": 0.25773195876288657,
        "ko": 0
    }
}
    },"req_favicon-ico-8af3a": {
        "type": "REQUEST",
        "name": "favicon.ico",
"path": "favicon.ico",
"pathFormatted": "req_favicon-ico-8af3a",
"stats": {
    "name": "favicon.ico",
    "numberOfRequests": {
        "total": 133,
        "ok": 133,
        "ko": 0
    },
    "minResponseTime": {
        "total": 1,
        "ok": 1,
        "ko": 0
    },
    "maxResponseTime": {
        "total": 1289,
        "ok": 1289,
        "ko": 0
    },
    "meanResponseTime": {
        "total": 341,
        "ok": 341,
        "ko": 0
    },
    "standardDeviation": {
        "total": 521,
        "ok": 521,
        "ko": 0
    },
    "percentiles1": {
        "total": 5,
        "ok": 5,
        "ko": 0
    },
    "percentiles2": {
        "total": 843,
        "ok": 843,
        "ko": 0
    },
    "percentiles3": {
        "total": 1239,
        "ok": 1239,
        "ko": 0
    },
    "percentiles4": {
        "total": 1258,
        "ok": 1258,
        "ko": 0
    },
    "group1": {
    "name": "t < 800 ms",
    "count": 95,
    "percentage": 71
},
    "group2": {
    "name": "800 ms < t < 1200 ms",
    "count": 21,
    "percentage": 16
},
    "group3": {
    "name": "t > 1200 ms",
    "count": 17,
    "percentage": 13
},
    "group4": {
    "name": "failed",
    "count": 0,
    "percentage": 0
},
    "meanNumberOfRequestsPerSecond": {
        "total": 0.6855670103092784,
        "ok": 0.6855670103092784,
        "ko": 0
    }
}
    },"req_bundle-js-0b837": {
        "type": "REQUEST",
        "name": "bundle.js",
"path": "bundle.js",
"pathFormatted": "req_bundle-js-0b837",
"stats": {
    "name": "bundle.js",
    "numberOfRequests": {
        "total": 133,
        "ok": 133,
        "ko": 0
    },
    "minResponseTime": {
        "total": 1,
        "ok": 1,
        "ko": 0
    },
    "maxResponseTime": {
        "total": 1279,
        "ok": 1279,
        "ko": 0
    },
    "meanResponseTime": {
        "total": 384,
        "ok": 384,
        "ko": 0
    },
    "standardDeviation": {
        "total": 500,
        "ok": 500,
        "ko": 0
    },
    "percentiles1": {
        "total": 7,
        "ok": 7,
        "ko": 0
    },
    "percentiles2": {
        "total": 849,
        "ok": 849,
        "ko": 0
    },
    "percentiles3": {
        "total": 1231,
        "ok": 1231,
        "ko": 0
    },
    "percentiles4": {
        "total": 1269,
        "ok": 1269,
        "ko": 0
    },
    "group1": {
    "name": "t < 800 ms",
    "count": 84,
    "percentage": 63
},
    "group2": {
    "name": "800 ms < t < 1200 ms",
    "count": 33,
    "percentage": 25
},
    "group3": {
    "name": "t > 1200 ms",
    "count": 16,
    "percentage": 12
},
    "group4": {
    "name": "failed",
    "count": 0,
    "percentage": 0
},
    "meanNumberOfRequestsPerSecond": {
        "total": 0.6855670103092784,
        "ok": 0.6855670103092784,
        "ko": 0
    }
}
    },"req_0-chunk-js-ddd34": {
        "type": "REQUEST",
        "name": "0.chunk.js",
"path": "0.chunk.js",
"pathFormatted": "req_0-chunk-js-ddd34",
"stats": {
    "name": "0.chunk.js",
    "numberOfRequests": {
        "total": 133,
        "ok": 133,
        "ko": 0
    },
    "minResponseTime": {
        "total": 16,
        "ok": 16,
        "ko": 0
    },
    "maxResponseTime": {
        "total": 7447,
        "ok": 7447,
        "ko": 0
    },
    "meanResponseTime": {
        "total": 2801,
        "ok": 2801,
        "ko": 0
    },
    "standardDeviation": {
        "total": 3571,
        "ok": 3571,
        "ko": 0
    },
    "percentiles1": {
        "total": 47,
        "ok": 47,
        "ko": 0
    },
    "percentiles2": {
        "total": 7395,
        "ok": 7395,
        "ko": 0
    },
    "percentiles3": {
        "total": 7415,
        "ok": 7415,
        "ko": 0
    },
    "percentiles4": {
        "total": 7426,
        "ok": 7426,
        "ko": 0
    },
    "group1": {
    "name": "t < 800 ms",
    "count": 83,
    "percentage": 62
},
    "group2": {
    "name": "800 ms < t < 1200 ms",
    "count": 0,
    "percentage": 0
},
    "group3": {
    "name": "t > 1200 ms",
    "count": 50,
    "percentage": 38
},
    "group4": {
    "name": "failed",
    "count": 0,
    "percentage": 0
},
    "meanNumberOfRequestsPerSecond": {
        "total": 0.6855670103092784,
        "ok": 0.6855670103092784,
        "ko": 0
    }
}
    },"req_main-chunk-js-7361f": {
        "type": "REQUEST",
        "name": "main.chunk.js",
"path": "main.chunk.js",
"pathFormatted": "req_main-chunk-js-7361f",
"stats": {
    "name": "main.chunk.js",
    "numberOfRequests": {
        "total": 133,
        "ok": 133,
        "ko": 0
    },
    "minResponseTime": {
        "total": 15,
        "ok": 15,
        "ko": 0
    },
    "maxResponseTime": {
        "total": 1397,
        "ok": 1397,
        "ko": 0
    },
    "meanResponseTime": {
        "total": 494,
        "ok": 494,
        "ko": 0
    },
    "standardDeviation": {
        "total": 598,
        "ok": 598,
        "ko": 0
    },
    "percentiles1": {
        "total": 47,
        "ok": 47,
        "ko": 0
    },
    "percentiles2": {
        "total": 1209,
        "ok": 1209,
        "ko": 0
    },
    "percentiles3": {
        "total": 1335,
        "ok": 1335,
        "ko": 0
    },
    "percentiles4": {
        "total": 1365,
        "ok": 1365,
        "ko": 0
    },
    "group1": {
    "name": "t < 800 ms",
    "count": 83,
    "percentage": 62
},
    "group2": {
    "name": "800 ms < t < 1200 ms",
    "count": 2,
    "percentage": 2
},
    "group3": {
    "name": "t > 1200 ms",
    "count": 48,
    "percentage": 36
},
    "group4": {
    "name": "failed",
    "count": 0,
    "percentage": 0
},
    "meanNumberOfRequestsPerSecond": {
        "total": 0.6855670103092784,
        "ok": 0.6855670103092784,
        "ko": 0
    }
}
    },"req_request-1-46da4": {
        "type": "REQUEST",
        "name": "request_1",
"path": "request_1",
"pathFormatted": "req_request-1-46da4",
"stats": {
    "name": "request_1",
    "numberOfRequests": {
        "total": 50,
        "ok": 50,
        "ko": 0
    },
    "minResponseTime": {
        "total": 53,
        "ok": 53,
        "ko": 0
    },
    "maxResponseTime": {
        "total": 141,
        "ok": 141,
        "ko": 0
    },
    "meanResponseTime": {
        "total": 82,
        "ok": 82,
        "ko": 0
    },
    "standardDeviation": {
        "total": 21,
        "ok": 21,
        "ko": 0
    },
    "percentiles1": {
        "total": 81,
        "ok": 81,
        "ko": 0
    },
    "percentiles2": {
        "total": 96,
        "ok": 96,
        "ko": 0
    },
    "percentiles3": {
        "total": 115,
        "ok": 115,
        "ko": 0
    },
    "percentiles4": {
        "total": 130,
        "ok": 130,
        "ko": 0
    },
    "group1": {
    "name": "t < 800 ms",
    "count": 50,
    "percentage": 100
},
    "group2": {
    "name": "800 ms < t < 1200 ms",
    "count": 0,
    "percentage": 0
},
    "group3": {
    "name": "t > 1200 ms",
    "count": 0,
    "percentage": 0
},
    "group4": {
    "name": "failed",
    "count": 0,
    "percentage": 0
},
    "meanNumberOfRequestsPerSecond": {
        "total": 0.25773195876288657,
        "ok": 0.25773195876288657,
        "ko": 0
    }
}
    },"req_request-2-93baf": {
        "type": "REQUEST",
        "name": "request_2",
"path": "request_2",
"pathFormatted": "req_request-2-93baf",
"stats": {
    "name": "request_2",
    "numberOfRequests": {
        "total": 50,
        "ok": 50,
        "ko": 0
    },
    "minResponseTime": {
        "total": 33,
        "ok": 33,
        "ko": 0
    },
    "maxResponseTime": {
        "total": 82,
        "ok": 82,
        "ko": 0
    },
    "meanResponseTime": {
        "total": 62,
        "ok": 62,
        "ko": 0
    },
    "standardDeviation": {
        "total": 14,
        "ok": 14,
        "ko": 0
    },
    "percentiles1": {
        "total": 66,
        "ok": 66,
        "ko": 0
    },
    "percentiles2": {
        "total": 74,
        "ok": 74,
        "ko": 0
    },
    "percentiles3": {
        "total": 77,
        "ok": 77,
        "ko": 0
    },
    "percentiles4": {
        "total": 80,
        "ok": 80,
        "ko": 0
    },
    "group1": {
    "name": "t < 800 ms",
    "count": 50,
    "percentage": 100
},
    "group2": {
    "name": "800 ms < t < 1200 ms",
    "count": 0,
    "percentage": 0
},
    "group3": {
    "name": "t > 1200 ms",
    "count": 0,
    "percentage": 0
},
    "group4": {
    "name": "failed",
    "count": 0,
    "percentage": 0
},
    "meanNumberOfRequestsPerSecond": {
        "total": 0.25773195876288657,
        "ok": 0.25773195876288657,
        "ko": 0
    }
}
    },"req_request-3-d0973": {
        "type": "REQUEST",
        "name": "request_3",
"path": "request_3",
"pathFormatted": "req_request-3-d0973",
"stats": {
    "name": "request_3",
    "numberOfRequests": {
        "total": 50,
        "ok": 50,
        "ko": 0
    },
    "minResponseTime": {
        "total": 65,
        "ok": 65,
        "ko": 0
    },
    "maxResponseTime": {
        "total": 136,
        "ok": 136,
        "ko": 0
    },
    "meanResponseTime": {
        "total": 103,
        "ok": 103,
        "ko": 0
    },
    "standardDeviation": {
        "total": 18,
        "ok": 18,
        "ko": 0
    },
    "percentiles1": {
        "total": 109,
        "ok": 109,
        "ko": 0
    },
    "percentiles2": {
        "total": 111,
        "ok": 111,
        "ko": 0
    },
    "percentiles3": {
        "total": 135,
        "ok": 135,
        "ko": 0
    },
    "percentiles4": {
        "total": 136,
        "ok": 136,
        "ko": 0
    },
    "group1": {
    "name": "t < 800 ms",
    "count": 50,
    "percentage": 100
},
    "group2": {
    "name": "800 ms < t < 1200 ms",
    "count": 0,
    "percentage": 0
},
    "group3": {
    "name": "t > 1200 ms",
    "count": 0,
    "percentage": 0
},
    "group4": {
    "name": "failed",
    "count": 0,
    "percentage": 0
},
    "meanNumberOfRequestsPerSecond": {
        "total": 0.25773195876288657,
        "ok": 0.25773195876288657,
        "ko": 0
    }
}
    },"req_request-5-48829": {
        "type": "REQUEST",
        "name": "request_5",
"path": "request_5",
"pathFormatted": "req_request-5-48829",
"stats": {
    "name": "request_5",
    "numberOfRequests": {
        "total": 50,
        "ok": 50,
        "ko": 0
    },
    "minResponseTime": {
        "total": 94,
        "ok": 94,
        "ko": 0
    },
    "maxResponseTime": {
        "total": 179,
        "ok": 179,
        "ko": 0
    },
    "meanResponseTime": {
        "total": 151,
        "ok": 151,
        "ko": 0
    },
    "standardDeviation": {
        "total": 19,
        "ok": 19,
        "ko": 0
    },
    "percentiles1": {
        "total": 153,
        "ok": 153,
        "ko": 0
    },
    "percentiles2": {
        "total": 155,
        "ok": 155,
        "ko": 0
    },
    "percentiles3": {
        "total": 178,
        "ok": 178,
        "ko": 0
    },
    "percentiles4": {
        "total": 179,
        "ok": 179,
        "ko": 0
    },
    "group1": {
    "name": "t < 800 ms",
    "count": 50,
    "percentage": 100
},
    "group2": {
    "name": "800 ms < t < 1200 ms",
    "count": 0,
    "percentage": 0
},
    "group3": {
    "name": "t > 1200 ms",
    "count": 0,
    "percentage": 0
},
    "group4": {
    "name": "failed",
    "count": 0,
    "percentage": 0
},
    "meanNumberOfRequestsPerSecond": {
        "total": 0.25773195876288657,
        "ok": 0.25773195876288657,
        "ko": 0
    }
}
    },"req_request-4-e7d1b": {
        "type": "REQUEST",
        "name": "request_4",
"path": "request_4",
"pathFormatted": "req_request-4-e7d1b",
"stats": {
    "name": "request_4",
    "numberOfRequests": {
        "total": 50,
        "ok": 50,
        "ko": 0
    },
    "minResponseTime": {
        "total": 65,
        "ok": 65,
        "ko": 0
    },
    "maxResponseTime": {
        "total": 138,
        "ok": 138,
        "ko": 0
    },
    "meanResponseTime": {
        "total": 104,
        "ok": 104,
        "ko": 0
    },
    "standardDeviation": {
        "total": 18,
        "ok": 18,
        "ko": 0
    },
    "percentiles1": {
        "total": 109,
        "ok": 109,
        "ko": 0
    },
    "percentiles2": {
        "total": 112,
        "ok": 112,
        "ko": 0
    },
    "percentiles3": {
        "total": 136,
        "ok": 136,
        "ko": 0
    },
    "percentiles4": {
        "total": 138,
        "ok": 138,
        "ko": 0
    },
    "group1": {
    "name": "t < 800 ms",
    "count": 50,
    "percentage": 100
},
    "group2": {
    "name": "800 ms < t < 1200 ms",
    "count": 0,
    "percentage": 0
},
    "group3": {
    "name": "t > 1200 ms",
    "count": 0,
    "percentage": 0
},
    "group4": {
    "name": "failed",
    "count": 0,
    "percentage": 0
},
    "meanNumberOfRequestsPerSecond": {
        "total": 0.25773195876288657,
        "ok": 0.25773195876288657,
        "ko": 0
    }
}
    },"req_request-6-027a9": {
        "type": "REQUEST",
        "name": "request_6",
"path": "request_6",
"pathFormatted": "req_request-6-027a9",
"stats": {
    "name": "request_6",
    "numberOfRequests": {
        "total": 50,
        "ok": 50,
        "ko": 0
    },
    "minResponseTime": {
        "total": 1,
        "ok": 1,
        "ko": 0
    },
    "maxResponseTime": {
        "total": 38,
        "ok": 38,
        "ko": 0
    },
    "meanResponseTime": {
        "total": 19,
        "ok": 19,
        "ko": 0
    },
    "standardDeviation": {
        "total": 11,
        "ok": 11,
        "ko": 0
    },
    "percentiles1": {
        "total": 13,
        "ok": 13,
        "ko": 0
    },
    "percentiles2": {
        "total": 32,
        "ok": 32,
        "ko": 0
    },
    "percentiles3": {
        "total": 36,
        "ok": 36,
        "ko": 0
    },
    "percentiles4": {
        "total": 38,
        "ok": 38,
        "ko": 0
    },
    "group1": {
    "name": "t < 800 ms",
    "count": 50,
    "percentage": 100
},
    "group2": {
    "name": "800 ms < t < 1200 ms",
    "count": 0,
    "percentage": 0
},
    "group3": {
    "name": "t > 1200 ms",
    "count": 0,
    "percentage": 0
},
    "group4": {
    "name": "failed",
    "count": 0,
    "percentage": 0
},
    "meanNumberOfRequestsPerSecond": {
        "total": 0.25773195876288657,
        "ok": 0.25773195876288657,
        "ko": 0
    }
}
    },"req_request-7-f222f": {
        "type": "REQUEST",
        "name": "request_7",
"path": "request_7",
"pathFormatted": "req_request-7-f222f",
"stats": {
    "name": "request_7",
    "numberOfRequests": {
        "total": 50,
        "ok": 50,
        "ko": 0
    },
    "minResponseTime": {
        "total": 4,
        "ok": 4,
        "ko": 0
    },
    "maxResponseTime": {
        "total": 41,
        "ok": 41,
        "ko": 0
    },
    "meanResponseTime": {
        "total": 25,
        "ok": 25,
        "ko": 0
    },
    "standardDeviation": {
        "total": 8,
        "ok": 8,
        "ko": 0
    },
    "percentiles1": {
        "total": 27,
        "ok": 27,
        "ko": 0
    },
    "percentiles2": {
        "total": 32,
        "ok": 32,
        "ko": 0
    },
    "percentiles3": {
        "total": 35,
        "ok": 35,
        "ko": 0
    },
    "percentiles4": {
        "total": 41,
        "ok": 41,
        "ko": 0
    },
    "group1": {
    "name": "t < 800 ms",
    "count": 50,
    "percentage": 100
},
    "group2": {
    "name": "800 ms < t < 1200 ms",
    "count": 0,
    "percentage": 0
},
    "group3": {
    "name": "t > 1200 ms",
    "count": 0,
    "percentage": 0
},
    "group4": {
    "name": "failed",
    "count": 0,
    "percentage": 0
},
    "meanNumberOfRequestsPerSecond": {
        "total": 0.25773195876288657,
        "ok": 0.25773195876288657,
        "ko": 0
    }
}
    },"req_request-8-ef0c8": {
        "type": "REQUEST",
        "name": "request_8",
"path": "request_8",
"pathFormatted": "req_request-8-ef0c8",
"stats": {
    "name": "request_8",
    "numberOfRequests": {
        "total": 50,
        "ok": 50,
        "ko": 0
    },
    "minResponseTime": {
        "total": 4,
        "ok": 4,
        "ko": 0
    },
    "maxResponseTime": {
        "total": 45,
        "ok": 45,
        "ko": 0
    },
    "meanResponseTime": {
        "total": 30,
        "ok": 30,
        "ko": 0
    },
    "standardDeviation": {
        "total": 11,
        "ok": 11,
        "ko": 0
    },
    "percentiles1": {
        "total": 32,
        "ok": 32,
        "ko": 0
    },
    "percentiles2": {
        "total": 42,
        "ok": 42,
        "ko": 0
    },
    "percentiles3": {
        "total": 45,
        "ok": 45,
        "ko": 0
    },
    "percentiles4": {
        "total": 45,
        "ok": 45,
        "ko": 0
    },
    "group1": {
    "name": "t < 800 ms",
    "count": 50,
    "percentage": 100
},
    "group2": {
    "name": "800 ms < t < 1200 ms",
    "count": 0,
    "percentage": 0
},
    "group3": {
    "name": "t > 1200 ms",
    "count": 0,
    "percentage": 0
},
    "group4": {
    "name": "failed",
    "count": 0,
    "percentage": 0
},
    "meanNumberOfRequestsPerSecond": {
        "total": 0.25773195876288657,
        "ok": 0.25773195876288657,
        "ko": 0
    }
}
    },"req_request-9-d127e": {
        "type": "REQUEST",
        "name": "request_9",
"path": "request_9",
"pathFormatted": "req_request-9-d127e",
"stats": {
    "name": "request_9",
    "numberOfRequests": {
        "total": 50,
        "ok": 50,
        "ko": 0
    },
    "minResponseTime": {
        "total": 8,
        "ok": 8,
        "ko": 0
    },
    "maxResponseTime": {
        "total": 477,
        "ok": 477,
        "ko": 0
    },
    "meanResponseTime": {
        "total": 214,
        "ok": 214,
        "ko": 0
    },
    "standardDeviation": {
        "total": 106,
        "ok": 106,
        "ko": 0
    },
    "percentiles1": {
        "total": 248,
        "ok": 248,
        "ko": 0
    },
    "percentiles2": {
        "total": 281,
        "ok": 281,
        "ko": 0
    },
    "percentiles3": {
        "total": 291,
        "ok": 291,
        "ko": 0
    },
    "percentiles4": {
        "total": 477,
        "ok": 477,
        "ko": 0
    },
    "group1": {
    "name": "t < 800 ms",
    "count": 50,
    "percentage": 100
},
    "group2": {
    "name": "800 ms < t < 1200 ms",
    "count": 0,
    "percentage": 0
},
    "group3": {
    "name": "t > 1200 ms",
    "count": 0,
    "percentage": 0
},
    "group4": {
    "name": "failed",
    "count": 0,
    "percentage": 0
},
    "meanNumberOfRequestsPerSecond": {
        "total": 0.25773195876288657,
        "ok": 0.25773195876288657,
        "ko": 0
    }
}
    },"req_request-11-f11e8": {
        "type": "REQUEST",
        "name": "request_11",
"path": "request_11",
"pathFormatted": "req_request-11-f11e8",
"stats": {
    "name": "request_11",
    "numberOfRequests": {
        "total": 50,
        "ok": 50,
        "ko": 0
    },
    "minResponseTime": {
        "total": 39,
        "ok": 39,
        "ko": 0
    },
    "maxResponseTime": {
        "total": 571,
        "ok": 571,
        "ko": 0
    },
    "meanResponseTime": {
        "total": 456,
        "ok": 456,
        "ko": 0
    },
    "standardDeviation": {
        "total": 135,
        "ok": 135,
        "ko": 0
    },
    "percentiles1": {
        "total": 505,
        "ok": 505,
        "ko": 0
    },
    "percentiles2": {
        "total": 543,
        "ok": 543,
        "ko": 0
    },
    "percentiles3": {
        "total": 567,
        "ok": 567,
        "ko": 0
    },
    "percentiles4": {
        "total": 571,
        "ok": 571,
        "ko": 0
    },
    "group1": {
    "name": "t < 800 ms",
    "count": 50,
    "percentage": 100
},
    "group2": {
    "name": "800 ms < t < 1200 ms",
    "count": 0,
    "percentage": 0
},
    "group3": {
    "name": "t > 1200 ms",
    "count": 0,
    "percentage": 0
},
    "group4": {
    "name": "failed",
    "count": 0,
    "percentage": 0
},
    "meanNumberOfRequestsPerSecond": {
        "total": 0.25773195876288657,
        "ok": 0.25773195876288657,
        "ko": 0
    }
}
    },"req_request-12-61da2": {
        "type": "REQUEST",
        "name": "request_12",
"path": "request_12",
"pathFormatted": "req_request-12-61da2",
"stats": {
    "name": "request_12",
    "numberOfRequests": {
        "total": 100,
        "ok": 100,
        "ko": 0
    },
    "minResponseTime": {
        "total": 41,
        "ok": 41,
        "ko": 0
    },
    "maxResponseTime": {
        "total": 768,
        "ok": 768,
        "ko": 0
    },
    "meanResponseTime": {
        "total": 632,
        "ok": 632,
        "ko": 0
    },
    "standardDeviation": {
        "total": 128,
        "ok": 128,
        "ko": 0
    },
    "percentiles1": {
        "total": 647,
        "ok": 647,
        "ko": 0
    },
    "percentiles2": {
        "total": 708,
        "ok": 708,
        "ko": 0
    },
    "percentiles3": {
        "total": 757,
        "ok": 757,
        "ko": 0
    },
    "percentiles4": {
        "total": 764,
        "ok": 764,
        "ko": 0
    },
    "group1": {
    "name": "t < 800 ms",
    "count": 100,
    "percentage": 100
},
    "group2": {
    "name": "800 ms < t < 1200 ms",
    "count": 0,
    "percentage": 0
},
    "group3": {
    "name": "t > 1200 ms",
    "count": 0,
    "percentage": 0
},
    "group4": {
    "name": "failed",
    "count": 0,
    "percentage": 0
},
    "meanNumberOfRequestsPerSecond": {
        "total": 0.5154639175257731,
        "ok": 0.5154639175257731,
        "ko": 0
    }
}
    },"req_request-10-1cfbe": {
        "type": "REQUEST",
        "name": "request_10",
"path": "request_10",
"pathFormatted": "req_request-10-1cfbe",
"stats": {
    "name": "request_10",
    "numberOfRequests": {
        "total": 50,
        "ok": 50,
        "ko": 0
    },
    "minResponseTime": {
        "total": 7,
        "ok": 7,
        "ko": 0
    },
    "maxResponseTime": {
        "total": 209,
        "ok": 209,
        "ko": 0
    },
    "meanResponseTime": {
        "total": 133,
        "ok": 133,
        "ko": 0
    },
    "standardDeviation": {
        "total": 60,
        "ok": 60,
        "ko": 0
    },
    "percentiles1": {
        "total": 153,
        "ok": 153,
        "ko": 0
    },
    "percentiles2": {
        "total": 182,
        "ok": 182,
        "ko": 0
    },
    "percentiles3": {
        "total": 208,
        "ok": 208,
        "ko": 0
    },
    "percentiles4": {
        "total": 209,
        "ok": 209,
        "ko": 0
    },
    "group1": {
    "name": "t < 800 ms",
    "count": 50,
    "percentage": 100
},
    "group2": {
    "name": "800 ms < t < 1200 ms",
    "count": 0,
    "percentage": 0
},
    "group3": {
    "name": "t > 1200 ms",
    "count": 0,
    "percentage": 0
},
    "group4": {
    "name": "failed",
    "count": 0,
    "percentage": 0
},
    "meanNumberOfRequestsPerSecond": {
        "total": 0.25773195876288657,
        "ok": 0.25773195876288657,
        "ko": 0
    }
}
    },"req_request-14-a0e30": {
        "type": "REQUEST",
        "name": "request_14",
"path": "request_14",
"pathFormatted": "req_request-14-a0e30",
"stats": {
    "name": "request_14",
    "numberOfRequests": {
        "total": 50,
        "ok": 50,
        "ko": 0
    },
    "minResponseTime": {
        "total": 54,
        "ok": 54,
        "ko": 0
    },
    "maxResponseTime": {
        "total": 661,
        "ok": 661,
        "ko": 0
    },
    "meanResponseTime": {
        "total": 467,
        "ok": 467,
        "ko": 0
    },
    "standardDeviation": {
        "total": 132,
        "ok": 132,
        "ko": 0
    },
    "percentiles1": {
        "total": 518,
        "ok": 518,
        "ko": 0
    },
    "percentiles2": {
        "total": 550,
        "ok": 550,
        "ko": 0
    },
    "percentiles3": {
        "total": 572,
        "ok": 572,
        "ko": 0
    },
    "percentiles4": {
        "total": 626,
        "ok": 626,
        "ko": 0
    },
    "group1": {
    "name": "t < 800 ms",
    "count": 50,
    "percentage": 100
},
    "group2": {
    "name": "800 ms < t < 1200 ms",
    "count": 0,
    "percentage": 0
},
    "group3": {
    "name": "t > 1200 ms",
    "count": 0,
    "percentage": 0
},
    "group4": {
    "name": "failed",
    "count": 0,
    "percentage": 0
},
    "meanNumberOfRequestsPerSecond": {
        "total": 0.25773195876288657,
        "ok": 0.25773195876288657,
        "ko": 0
    }
}
    },"req_request-13-5cca6": {
        "type": "REQUEST",
        "name": "request_13",
"path": "request_13",
"pathFormatted": "req_request-13-5cca6",
"stats": {
    "name": "request_13",
    "numberOfRequests": {
        "total": 50,
        "ok": 50,
        "ko": 0
    },
    "minResponseTime": {
        "total": 126,
        "ok": 126,
        "ko": 0
    },
    "maxResponseTime": {
        "total": 1038,
        "ok": 1038,
        "ko": 0
    },
    "meanResponseTime": {
        "total": 741,
        "ok": 741,
        "ko": 0
    },
    "standardDeviation": {
        "total": 167,
        "ok": 167,
        "ko": 0
    },
    "percentiles1": {
        "total": 789,
        "ok": 789,
        "ko": 0
    },
    "percentiles2": {
        "total": 846,
        "ok": 846,
        "ko": 0
    },
    "percentiles3": {
        "total": 916,
        "ok": 916,
        "ko": 0
    },
    "percentiles4": {
        "total": 990,
        "ok": 990,
        "ko": 0
    },
    "group1": {
    "name": "t < 800 ms",
    "count": 33,
    "percentage": 66
},
    "group2": {
    "name": "800 ms < t < 1200 ms",
    "count": 17,
    "percentage": 34
},
    "group3": {
    "name": "t > 1200 ms",
    "count": 0,
    "percentage": 0
},
    "group4": {
    "name": "failed",
    "count": 0,
    "percentage": 0
},
    "meanNumberOfRequestsPerSecond": {
        "total": 0.25773195876288657,
        "ok": 0.25773195876288657,
        "ko": 0
    }
}
    },"req_request-15-56eac": {
        "type": "REQUEST",
        "name": "request_15",
"path": "request_15",
"pathFormatted": "req_request-15-56eac",
"stats": {
    "name": "request_15",
    "numberOfRequests": {
        "total": 50,
        "ok": 25,
        "ko": 25
    },
    "minResponseTime": {
        "total": 1839,
        "ok": 1839,
        "ko": 60000
    },
    "maxResponseTime": {
        "total": 60002,
        "ok": 33653,
        "ko": 60002
    },
    "meanResponseTime": {
        "total": 33553,
        "ok": 7106,
        "ko": 60001
    },
    "standardDeviation": {
        "total": 27116,
        "ok": 8461,
        "ko": 1
    },
    "percentiles1": {
        "total": 46827,
        "ok": 3716,
        "ko": 60000
    },
    "percentiles2": {
        "total": 60000,
        "ok": 5619,
        "ko": 60001
    },
    "percentiles3": {
        "total": 60001,
        "ok": 30424,
        "ko": 60001
    },
    "percentiles4": {
        "total": 60002,
        "ok": 33644,
        "ko": 60002
    },
    "group1": {
    "name": "t < 800 ms",
    "count": 0,
    "percentage": 0
},
    "group2": {
    "name": "800 ms < t < 1200 ms",
    "count": 0,
    "percentage": 0
},
    "group3": {
    "name": "t > 1200 ms",
    "count": 25,
    "percentage": 50
},
    "group4": {
    "name": "failed",
    "count": 25,
    "percentage": 50
},
    "meanNumberOfRequestsPerSecond": {
        "total": 0.25773195876288657,
        "ok": 0.12886597938144329,
        "ko": 0.12886597938144329
    }
}
    },"req_request-16-24733": {
        "type": "REQUEST",
        "name": "request_16",
"path": "request_16",
"pathFormatted": "req_request-16-24733",
"stats": {
    "name": "request_16",
    "numberOfRequests": {
        "total": 50,
        "ok": 50,
        "ko": 0
    },
    "minResponseTime": {
        "total": 117,
        "ok": 117,
        "ko": 0
    },
    "maxResponseTime": {
        "total": 1975,
        "ok": 1975,
        "ko": 0
    },
    "meanResponseTime": {
        "total": 903,
        "ok": 903,
        "ko": 0
    },
    "standardDeviation": {
        "total": 756,
        "ok": 756,
        "ko": 0
    },
    "percentiles1": {
        "total": 339,
        "ok": 339,
        "ko": 0
    },
    "percentiles2": {
        "total": 1608,
        "ok": 1608,
        "ko": 0
    },
    "percentiles3": {
        "total": 1969,
        "ok": 1969,
        "ko": 0
    },
    "percentiles4": {
        "total": 1975,
        "ok": 1975,
        "ko": 0
    },
    "group1": {
    "name": "t < 800 ms",
    "count": 27,
    "percentage": 54
},
    "group2": {
    "name": "800 ms < t < 1200 ms",
    "count": 0,
    "percentage": 0
},
    "group3": {
    "name": "t > 1200 ms",
    "count": 23,
    "percentage": 46
},
    "group4": {
    "name": "failed",
    "count": 0,
    "percentage": 0
},
    "meanNumberOfRequestsPerSecond": {
        "total": 0.25773195876288657,
        "ok": 0.25773195876288657,
        "ko": 0
    }
}
    },"req_request-16-redi-ca4a2": {
        "type": "REQUEST",
        "name": "request_16 Redirect 1",
"path": "request_16 Redirect 1",
"pathFormatted": "req_request-16-redi-ca4a2",
"stats": {
    "name": "request_16 Redirect 1",
    "numberOfRequests": {
        "total": 50,
        "ok": 33,
        "ko": 17
    },
    "minResponseTime": {
        "total": 5,
        "ok": 5,
        "ko": 60000
    },
    "maxResponseTime": {
        "total": 60001,
        "ok": 31456,
        "ko": 60001
    },
    "meanResponseTime": {
        "total": 22336,
        "ok": 2933,
        "ko": 60000
    },
    "standardDeviation": {
        "total": 27462,
        "ok": 5950,
        "ko": 0
    },
    "percentiles1": {
        "total": 3038,
        "ok": 1012,
        "ko": 60000
    },
    "percentiles2": {
        "total": 60000,
        "ok": 3032,
        "ko": 60001
    },
    "percentiles3": {
        "total": 60001,
        "ok": 10653,
        "ko": 60001
    },
    "percentiles4": {
        "total": 60001,
        "ok": 26336,
        "ko": 60001
    },
    "group1": {
    "name": "t < 800 ms",
    "count": 16,
    "percentage": 32
},
    "group2": {
    "name": "800 ms < t < 1200 ms",
    "count": 4,
    "percentage": 8
},
    "group3": {
    "name": "t > 1200 ms",
    "count": 13,
    "percentage": 26
},
    "group4": {
    "name": "failed",
    "count": 17,
    "percentage": 34
},
    "meanNumberOfRequestsPerSecond": {
        "total": 0.25773195876288657,
        "ok": 0.17010309278350516,
        "ko": 0.08762886597938144
    }
}
    },"req_request-16-redi-74dda": {
        "type": "REQUEST",
        "name": "request_16 Redirect 2",
"path": "request_16 Redirect 2",
"pathFormatted": "req_request-16-redi-74dda",
"stats": {
    "name": "request_16 Redirect 2",
    "numberOfRequests": {
        "total": 33,
        "ok": 33,
        "ko": 0
    },
    "minResponseTime": {
        "total": 48,
        "ok": 48,
        "ko": 0
    },
    "maxResponseTime": {
        "total": 143,
        "ok": 143,
        "ko": 0
    },
    "meanResponseTime": {
        "total": 63,
        "ok": 63,
        "ko": 0
    },
    "standardDeviation": {
        "total": 18,
        "ok": 18,
        "ko": 0
    },
    "percentiles1": {
        "total": 58,
        "ok": 58,
        "ko": 0
    },
    "percentiles2": {
        "total": 66,
        "ok": 66,
        "ko": 0
    },
    "percentiles3": {
        "total": 83,
        "ok": 83,
        "ko": 0
    },
    "percentiles4": {
        "total": 124,
        "ok": 124,
        "ko": 0
    },
    "group1": {
    "name": "t < 800 ms",
    "count": 33,
    "percentage": 100
},
    "group2": {
    "name": "800 ms < t < 1200 ms",
    "count": 0,
    "percentage": 0
},
    "group3": {
    "name": "t > 1200 ms",
    "count": 0,
    "percentage": 0
},
    "group4": {
    "name": "failed",
    "count": 0,
    "percentage": 0
},
    "meanNumberOfRequestsPerSecond": {
        "total": 0.17010309278350516,
        "ok": 0.17010309278350516,
        "ko": 0
    }
}
    },"req_request-16-redi-6b920": {
        "type": "REQUEST",
        "name": "request_16 Redirect 3",
"path": "request_16 Redirect 3",
"pathFormatted": "req_request-16-redi-6b920",
"stats": {
    "name": "request_16 Redirect 3",
    "numberOfRequests": {
        "total": 33,
        "ok": 33,
        "ko": 0
    },
    "minResponseTime": {
        "total": 1,
        "ok": 1,
        "ko": 0
    },
    "maxResponseTime": {
        "total": 29,
        "ok": 29,
        "ko": 0
    },
    "meanResponseTime": {
        "total": 6,
        "ok": 6,
        "ko": 0
    },
    "standardDeviation": {
        "total": 7,
        "ok": 7,
        "ko": 0
    },
    "percentiles1": {
        "total": 2,
        "ok": 2,
        "ko": 0
    },
    "percentiles2": {
        "total": 6,
        "ok": 6,
        "ko": 0
    },
    "percentiles3": {
        "total": 21,
        "ok": 21,
        "ko": 0
    },
    "percentiles4": {
        "total": 29,
        "ok": 29,
        "ko": 0
    },
    "group1": {
    "name": "t < 800 ms",
    "count": 33,
    "percentage": 100
},
    "group2": {
    "name": "800 ms < t < 1200 ms",
    "count": 0,
    "percentage": 0
},
    "group3": {
    "name": "t > 1200 ms",
    "count": 0,
    "percentage": 0
},
    "group4": {
    "name": "failed",
    "count": 0,
    "percentage": 0
},
    "meanNumberOfRequestsPerSecond": {
        "total": 0.17010309278350516,
        "ok": 0.17010309278350516,
        "ko": 0
    }
}
    },"req_request-19-10d85": {
        "type": "REQUEST",
        "name": "request_19",
"path": "request_19",
"pathFormatted": "req_request-19-10d85",
"stats": {
    "name": "request_19",
    "numberOfRequests": {
        "total": 33,
        "ok": 33,
        "ko": 0
    },
    "minResponseTime": {
        "total": 47,
        "ok": 47,
        "ko": 0
    },
    "maxResponseTime": {
        "total": 3195,
        "ok": 3195,
        "ko": 0
    },
    "meanResponseTime": {
        "total": 245,
        "ok": 245,
        "ko": 0
    },
    "standardDeviation": {
        "total": 578,
        "ok": 578,
        "ko": 0
    },
    "percentiles1": {
        "total": 77,
        "ok": 77,
        "ko": 0
    },
    "percentiles2": {
        "total": 135,
        "ok": 135,
        "ko": 0
    },
    "percentiles3": {
        "total": 1117,
        "ok": 1117,
        "ko": 0
    },
    "percentiles4": {
        "total": 2531,
        "ok": 2531,
        "ko": 0
    },
    "group1": {
    "name": "t < 800 ms",
    "count": 30,
    "percentage": 91
},
    "group2": {
    "name": "800 ms < t < 1200 ms",
    "count": 2,
    "percentage": 6
},
    "group3": {
    "name": "t > 1200 ms",
    "count": 1,
    "percentage": 3
},
    "group4": {
    "name": "failed",
    "count": 0,
    "percentage": 0
},
    "meanNumberOfRequestsPerSecond": {
        "total": 0.17010309278350516,
        "ok": 0.17010309278350516,
        "ko": 0
    }
}
    },"req_request-17-cd6a2": {
        "type": "REQUEST",
        "name": "request_17",
"path": "request_17",
"pathFormatted": "req_request-17-cd6a2",
"stats": {
    "name": "request_17",
    "numberOfRequests": {
        "total": 33,
        "ok": 33,
        "ko": 0
    },
    "minResponseTime": {
        "total": 17,
        "ok": 17,
        "ko": 0
    },
    "maxResponseTime": {
        "total": 62,
        "ok": 62,
        "ko": 0
    },
    "meanResponseTime": {
        "total": 28,
        "ok": 28,
        "ko": 0
    },
    "standardDeviation": {
        "total": 12,
        "ok": 12,
        "ko": 0
    },
    "percentiles1": {
        "total": 22,
        "ok": 22,
        "ko": 0
    },
    "percentiles2": {
        "total": 34,
        "ok": 34,
        "ko": 0
    },
    "percentiles3": {
        "total": 50,
        "ok": 50,
        "ko": 0
    },
    "percentiles4": {
        "total": 58,
        "ok": 58,
        "ko": 0
    },
    "group1": {
    "name": "t < 800 ms",
    "count": 33,
    "percentage": 100
},
    "group2": {
    "name": "800 ms < t < 1200 ms",
    "count": 0,
    "percentage": 0
},
    "group3": {
    "name": "t > 1200 ms",
    "count": 0,
    "percentage": 0
},
    "group4": {
    "name": "failed",
    "count": 0,
    "percentage": 0
},
    "meanNumberOfRequestsPerSecond": {
        "total": 0.17010309278350516,
        "ok": 0.17010309278350516,
        "ko": 0
    }
}
    },"req_request-18-f5b64": {
        "type": "REQUEST",
        "name": "request_18",
"path": "request_18",
"pathFormatted": "req_request-18-f5b64",
"stats": {
    "name": "request_18",
    "numberOfRequests": {
        "total": 33,
        "ok": 33,
        "ko": 0
    },
    "minResponseTime": {
        "total": 17,
        "ok": 17,
        "ko": 0
    },
    "maxResponseTime": {
        "total": 61,
        "ok": 61,
        "ko": 0
    },
    "meanResponseTime": {
        "total": 28,
        "ok": 28,
        "ko": 0
    },
    "standardDeviation": {
        "total": 12,
        "ok": 12,
        "ko": 0
    },
    "percentiles1": {
        "total": 23,
        "ok": 23,
        "ko": 0
    },
    "percentiles2": {
        "total": 34,
        "ok": 34,
        "ko": 0
    },
    "percentiles3": {
        "total": 50,
        "ok": 50,
        "ko": 0
    },
    "percentiles4": {
        "total": 58,
        "ok": 58,
        "ko": 0
    },
    "group1": {
    "name": "t < 800 ms",
    "count": 33,
    "percentage": 100
},
    "group2": {
    "name": "800 ms < t < 1200 ms",
    "count": 0,
    "percentage": 0
},
    "group3": {
    "name": "t > 1200 ms",
    "count": 0,
    "percentage": 0
},
    "group4": {
    "name": "failed",
    "count": 0,
    "percentage": 0
},
    "meanNumberOfRequestsPerSecond": {
        "total": 0.17010309278350516,
        "ok": 0.17010309278350516,
        "ko": 0
    }
}
    },"req_request-20-6804b": {
        "type": "REQUEST",
        "name": "request_20",
"path": "request_20",
"pathFormatted": "req_request-20-6804b",
"stats": {
    "name": "request_20",
    "numberOfRequests": {
        "total": 50,
        "ok": 50,
        "ko": 0
    },
    "minResponseTime": {
        "total": 40,
        "ok": 40,
        "ko": 0
    },
    "maxResponseTime": {
        "total": 859,
        "ok": 859,
        "ko": 0
    },
    "meanResponseTime": {
        "total": 237,
        "ok": 237,
        "ko": 0
    },
    "standardDeviation": {
        "total": 251,
        "ok": 251,
        "ko": 0
    },
    "percentiles1": {
        "total": 106,
        "ok": 106,
        "ko": 0
    },
    "percentiles2": {
        "total": 255,
        "ok": 255,
        "ko": 0
    },
    "percentiles3": {
        "total": 825,
        "ok": 825,
        "ko": 0
    },
    "percentiles4": {
        "total": 844,
        "ok": 844,
        "ko": 0
    },
    "group1": {
    "name": "t < 800 ms",
    "count": 45,
    "percentage": 90
},
    "group2": {
    "name": "800 ms < t < 1200 ms",
    "count": 5,
    "percentage": 10
},
    "group3": {
    "name": "t > 1200 ms",
    "count": 0,
    "percentage": 0
},
    "group4": {
    "name": "failed",
    "count": 0,
    "percentage": 0
},
    "meanNumberOfRequestsPerSecond": {
        "total": 0.25773195876288657,
        "ok": 0.25773195876288657,
        "ko": 0
    }
}
    },"req_request-21-be4cb": {
        "type": "REQUEST",
        "name": "request_21",
"path": "request_21",
"pathFormatted": "req_request-21-be4cb",
"stats": {
    "name": "request_21",
    "numberOfRequests": {
        "total": 50,
        "ok": 50,
        "ko": 0
    },
    "minResponseTime": {
        "total": 60,
        "ok": 60,
        "ko": 0
    },
    "maxResponseTime": {
        "total": 15710,
        "ok": 15710,
        "ko": 0
    },
    "meanResponseTime": {
        "total": 1308,
        "ok": 1308,
        "ko": 0
    },
    "standardDeviation": {
        "total": 2696,
        "ok": 2696,
        "ko": 0
    },
    "percentiles1": {
        "total": 142,
        "ok": 142,
        "ko": 0
    },
    "percentiles2": {
        "total": 1406,
        "ok": 1406,
        "ko": 0
    },
    "percentiles3": {
        "total": 5909,
        "ok": 5909,
        "ko": 0
    },
    "percentiles4": {
        "total": 11794,
        "ok": 11794,
        "ko": 0
    },
    "group1": {
    "name": "t < 800 ms",
    "count": 34,
    "percentage": 68
},
    "group2": {
    "name": "800 ms < t < 1200 ms",
    "count": 3,
    "percentage": 6
},
    "group3": {
    "name": "t > 1200 ms",
    "count": 13,
    "percentage": 26
},
    "group4": {
    "name": "failed",
    "count": 0,
    "percentage": 0
},
    "meanNumberOfRequestsPerSecond": {
        "total": 0.25773195876288657,
        "ok": 0.25773195876288657,
        "ko": 0
    }
}
    },"req_request-22-8ecb1": {
        "type": "REQUEST",
        "name": "request_22",
"path": "request_22",
"pathFormatted": "req_request-22-8ecb1",
"stats": {
    "name": "request_22",
    "numberOfRequests": {
        "total": 50,
        "ok": 50,
        "ko": 0
    },
    "minResponseTime": {
        "total": 70,
        "ok": 70,
        "ko": 0
    },
    "maxResponseTime": {
        "total": 15790,
        "ok": 15790,
        "ko": 0
    },
    "meanResponseTime": {
        "total": 1261,
        "ok": 1261,
        "ko": 0
    },
    "standardDeviation": {
        "total": 2687,
        "ok": 2687,
        "ko": 0
    },
    "percentiles1": {
        "total": 142,
        "ok": 142,
        "ko": 0
    },
    "percentiles2": {
        "total": 1064,
        "ok": 1064,
        "ko": 0
    },
    "percentiles3": {
        "total": 5856,
        "ok": 5856,
        "ko": 0
    },
    "percentiles4": {
        "total": 11869,
        "ok": 11869,
        "ko": 0
    },
    "group1": {
    "name": "t < 800 ms",
    "count": 35,
    "percentage": 70
},
    "group2": {
    "name": "800 ms < t < 1200 ms",
    "count": 3,
    "percentage": 6
},
    "group3": {
    "name": "t > 1200 ms",
    "count": 12,
    "percentage": 24
},
    "group4": {
    "name": "failed",
    "count": 0,
    "percentage": 0
},
    "meanNumberOfRequestsPerSecond": {
        "total": 0.25773195876288657,
        "ok": 0.25773195876288657,
        "ko": 0
    }
}
    },"req_request-23-98f5d": {
        "type": "REQUEST",
        "name": "request_23",
"path": "request_23",
"pathFormatted": "req_request-23-98f5d",
"stats": {
    "name": "request_23",
    "numberOfRequests": {
        "total": 50,
        "ok": 50,
        "ko": 0
    },
    "minResponseTime": {
        "total": 43,
        "ok": 43,
        "ko": 0
    },
    "maxResponseTime": {
        "total": 171,
        "ok": 171,
        "ko": 0
    },
    "meanResponseTime": {
        "total": 87,
        "ok": 87,
        "ko": 0
    },
    "standardDeviation": {
        "total": 26,
        "ok": 26,
        "ko": 0
    },
    "percentiles1": {
        "total": 90,
        "ok": 90,
        "ko": 0
    },
    "percentiles2": {
        "total": 101,
        "ok": 101,
        "ko": 0
    },
    "percentiles3": {
        "total": 118,
        "ok": 118,
        "ko": 0
    },
    "percentiles4": {
        "total": 160,
        "ok": 160,
        "ko": 0
    },
    "group1": {
    "name": "t < 800 ms",
    "count": 50,
    "percentage": 100
},
    "group2": {
    "name": "800 ms < t < 1200 ms",
    "count": 0,
    "percentage": 0
},
    "group3": {
    "name": "t > 1200 ms",
    "count": 0,
    "percentage": 0
},
    "group4": {
    "name": "failed",
    "count": 0,
    "percentage": 0
},
    "meanNumberOfRequestsPerSecond": {
        "total": 0.25773195876288657,
        "ok": 0.25773195876288657,
        "ko": 0
    }
}
    },"req_request-24-dd0c9": {
        "type": "REQUEST",
        "name": "request_24",
"path": "request_24",
"pathFormatted": "req_request-24-dd0c9",
"stats": {
    "name": "request_24",
    "numberOfRequests": {
        "total": 50,
        "ok": 50,
        "ko": 0
    },
    "minResponseTime": {
        "total": 80,
        "ok": 80,
        "ko": 0
    },
    "maxResponseTime": {
        "total": 151,
        "ok": 151,
        "ko": 0
    },
    "meanResponseTime": {
        "total": 94,
        "ok": 94,
        "ko": 0
    },
    "standardDeviation": {
        "total": 16,
        "ok": 16,
        "ko": 0
    },
    "percentiles1": {
        "total": 86,
        "ok": 86,
        "ko": 0
    },
    "percentiles2": {
        "total": 96,
        "ok": 96,
        "ko": 0
    },
    "percentiles3": {
        "total": 122,
        "ok": 122,
        "ko": 0
    },
    "percentiles4": {
        "total": 140,
        "ok": 140,
        "ko": 0
    },
    "group1": {
    "name": "t < 800 ms",
    "count": 50,
    "percentage": 100
},
    "group2": {
    "name": "800 ms < t < 1200 ms",
    "count": 0,
    "percentage": 0
},
    "group3": {
    "name": "t > 1200 ms",
    "count": 0,
    "percentage": 0
},
    "group4": {
    "name": "failed",
    "count": 0,
    "percentage": 0
},
    "meanNumberOfRequestsPerSecond": {
        "total": 0.25773195876288657,
        "ok": 0.25773195876288657,
        "ko": 0
    }
}
    },"req_request-25-20ee6": {
        "type": "REQUEST",
        "name": "request_25",
"path": "request_25",
"pathFormatted": "req_request-25-20ee6",
"stats": {
    "name": "request_25",
    "numberOfRequests": {
        "total": 50,
        "ok": 50,
        "ko": 0
    },
    "minResponseTime": {
        "total": 1,
        "ok": 1,
        "ko": 0
    },
    "maxResponseTime": {
        "total": 12,
        "ok": 12,
        "ko": 0
    },
    "meanResponseTime": {
        "total": 4,
        "ok": 4,
        "ko": 0
    },
    "standardDeviation": {
        "total": 2,
        "ok": 2,
        "ko": 0
    },
    "percentiles1": {
        "total": 3,
        "ok": 3,
        "ko": 0
    },
    "percentiles2": {
        "total": 5,
        "ok": 5,
        "ko": 0
    },
    "percentiles3": {
        "total": 6,
        "ok": 6,
        "ko": 0
    },
    "percentiles4": {
        "total": 9,
        "ok": 9,
        "ko": 0
    },
    "group1": {
    "name": "t < 800 ms",
    "count": 50,
    "percentage": 100
},
    "group2": {
    "name": "800 ms < t < 1200 ms",
    "count": 0,
    "percentage": 0
},
    "group3": {
    "name": "t > 1200 ms",
    "count": 0,
    "percentage": 0
},
    "group4": {
    "name": "failed",
    "count": 0,
    "percentage": 0
},
    "meanNumberOfRequestsPerSecond": {
        "total": 0.25773195876288657,
        "ok": 0.25773195876288657,
        "ko": 0
    }
}
    },"req_request-26-18b3c": {
        "type": "REQUEST",
        "name": "request_26",
"path": "request_26",
"pathFormatted": "req_request-26-18b3c",
"stats": {
    "name": "request_26",
    "numberOfRequests": {
        "total": 50,
        "ok": 50,
        "ko": 0
    },
    "minResponseTime": {
        "total": 1,
        "ok": 1,
        "ko": 0
    },
    "maxResponseTime": {
        "total": 33,
        "ok": 33,
        "ko": 0
    },
    "meanResponseTime": {
        "total": 7,
        "ok": 7,
        "ko": 0
    },
    "standardDeviation": {
        "total": 6,
        "ok": 6,
        "ko": 0
    },
    "percentiles1": {
        "total": 6,
        "ok": 6,
        "ko": 0
    },
    "percentiles2": {
        "total": 7,
        "ok": 7,
        "ko": 0
    },
    "percentiles3": {
        "total": 15,
        "ok": 15,
        "ko": 0
    },
    "percentiles4": {
        "total": 30,
        "ok": 30,
        "ko": 0
    },
    "group1": {
    "name": "t < 800 ms",
    "count": 50,
    "percentage": 100
},
    "group2": {
    "name": "800 ms < t < 1200 ms",
    "count": 0,
    "percentage": 0
},
    "group3": {
    "name": "t > 1200 ms",
    "count": 0,
    "percentage": 0
},
    "group4": {
    "name": "failed",
    "count": 0,
    "percentage": 0
},
    "meanNumberOfRequestsPerSecond": {
        "total": 0.25773195876288657,
        "ok": 0.25773195876288657,
        "ko": 0
    }
}
    },"req_request-27-649b0": {
        "type": "REQUEST",
        "name": "request_27",
"path": "request_27",
"pathFormatted": "req_request-27-649b0",
"stats": {
    "name": "request_27",
    "numberOfRequests": {
        "total": 50,
        "ok": 50,
        "ko": 0
    },
    "minResponseTime": {
        "total": 16,
        "ok": 16,
        "ko": 0
    },
    "maxResponseTime": {
        "total": 64,
        "ok": 64,
        "ko": 0
    },
    "meanResponseTime": {
        "total": 34,
        "ok": 34,
        "ko": 0
    },
    "standardDeviation": {
        "total": 14,
        "ok": 14,
        "ko": 0
    },
    "percentiles1": {
        "total": 31,
        "ok": 31,
        "ko": 0
    },
    "percentiles2": {
        "total": 49,
        "ok": 49,
        "ko": 0
    },
    "percentiles3": {
        "total": 56,
        "ok": 56,
        "ko": 0
    },
    "percentiles4": {
        "total": 63,
        "ok": 63,
        "ko": 0
    },
    "group1": {
    "name": "t < 800 ms",
    "count": 50,
    "percentage": 100
},
    "group2": {
    "name": "800 ms < t < 1200 ms",
    "count": 0,
    "percentage": 0
},
    "group3": {
    "name": "t > 1200 ms",
    "count": 0,
    "percentage": 0
},
    "group4": {
    "name": "failed",
    "count": 0,
    "percentage": 0
},
    "meanNumberOfRequestsPerSecond": {
        "total": 0.25773195876288657,
        "ok": 0.25773195876288657,
        "ko": 0
    }
}
    },"req_request-28-297b8": {
        "type": "REQUEST",
        "name": "request_28",
"path": "request_28",
"pathFormatted": "req_request-28-297b8",
"stats": {
    "name": "request_28",
    "numberOfRequests": {
        "total": 50,
        "ok": 50,
        "ko": 0
    },
    "minResponseTime": {
        "total": 6,
        "ok": 6,
        "ko": 0
    },
    "maxResponseTime": {
        "total": 527,
        "ok": 527,
        "ko": 0
    },
    "meanResponseTime": {
        "total": 36,
        "ok": 36,
        "ko": 0
    },
    "standardDeviation": {
        "total": 73,
        "ok": 73,
        "ko": 0
    },
    "percentiles1": {
        "total": 24,
        "ok": 24,
        "ko": 0
    },
    "percentiles2": {
        "total": 32,
        "ok": 32,
        "ko": 0
    },
    "percentiles3": {
        "total": 71,
        "ok": 71,
        "ko": 0
    },
    "percentiles4": {
        "total": 331,
        "ok": 331,
        "ko": 0
    },
    "group1": {
    "name": "t < 800 ms",
    "count": 50,
    "percentage": 100
},
    "group2": {
    "name": "800 ms < t < 1200 ms",
    "count": 0,
    "percentage": 0
},
    "group3": {
    "name": "t > 1200 ms",
    "count": 0,
    "percentage": 0
},
    "group4": {
    "name": "failed",
    "count": 0,
    "percentage": 0
},
    "meanNumberOfRequestsPerSecond": {
        "total": 0.25773195876288657,
        "ok": 0.25773195876288657,
        "ko": 0
    }
}
    },"req_request-29-6a22e": {
        "type": "REQUEST",
        "name": "request_29",
"path": "request_29",
"pathFormatted": "req_request-29-6a22e",
"stats": {
    "name": "request_29",
    "numberOfRequests": {
        "total": 50,
        "ok": 50,
        "ko": 0
    },
    "minResponseTime": {
        "total": 56,
        "ok": 56,
        "ko": 0
    },
    "maxResponseTime": {
        "total": 253,
        "ok": 253,
        "ko": 0
    },
    "meanResponseTime": {
        "total": 89,
        "ok": 89,
        "ko": 0
    },
    "standardDeviation": {
        "total": 48,
        "ok": 48,
        "ko": 0
    },
    "percentiles1": {
        "total": 71,
        "ok": 71,
        "ko": 0
    },
    "percentiles2": {
        "total": 85,
        "ok": 85,
        "ko": 0
    },
    "percentiles3": {
        "total": 222,
        "ok": 222,
        "ko": 0
    },
    "percentiles4": {
        "total": 248,
        "ok": 248,
        "ko": 0
    },
    "group1": {
    "name": "t < 800 ms",
    "count": 50,
    "percentage": 100
},
    "group2": {
    "name": "800 ms < t < 1200 ms",
    "count": 0,
    "percentage": 0
},
    "group3": {
    "name": "t > 1200 ms",
    "count": 0,
    "percentage": 0
},
    "group4": {
    "name": "failed",
    "count": 0,
    "percentage": 0
},
    "meanNumberOfRequestsPerSecond": {
        "total": 0.25773195876288657,
        "ok": 0.25773195876288657,
        "ko": 0
    }
}
    },"req_request-30-b7b42": {
        "type": "REQUEST",
        "name": "request_30",
"path": "request_30",
"pathFormatted": "req_request-30-b7b42",
"stats": {
    "name": "request_30",
    "numberOfRequests": {
        "total": 50,
        "ok": 50,
        "ko": 0
    },
    "minResponseTime": {
        "total": 41,
        "ok": 41,
        "ko": 0
    },
    "maxResponseTime": {
        "total": 183,
        "ok": 183,
        "ko": 0
    },
    "meanResponseTime": {
        "total": 87,
        "ok": 87,
        "ko": 0
    },
    "standardDeviation": {
        "total": 32,
        "ok": 32,
        "ko": 0
    },
    "percentiles1": {
        "total": 83,
        "ok": 83,
        "ko": 0
    },
    "percentiles2": {
        "total": 100,
        "ok": 100,
        "ko": 0
    },
    "percentiles3": {
        "total": 159,
        "ok": 159,
        "ko": 0
    },
    "percentiles4": {
        "total": 179,
        "ok": 179,
        "ko": 0
    },
    "group1": {
    "name": "t < 800 ms",
    "count": 50,
    "percentage": 100
},
    "group2": {
    "name": "800 ms < t < 1200 ms",
    "count": 0,
    "percentage": 0
},
    "group3": {
    "name": "t > 1200 ms",
    "count": 0,
    "percentage": 0
},
    "group4": {
    "name": "failed",
    "count": 0,
    "percentage": 0
},
    "meanNumberOfRequestsPerSecond": {
        "total": 0.25773195876288657,
        "ok": 0.25773195876288657,
        "ko": 0
    }
}
    },"req_request-31-261d3": {
        "type": "REQUEST",
        "name": "request_31",
"path": "request_31",
"pathFormatted": "req_request-31-261d3",
"stats": {
    "name": "request_31",
    "numberOfRequests": {
        "total": 50,
        "ok": 50,
        "ko": 0
    },
    "minResponseTime": {
        "total": 77,
        "ok": 77,
        "ko": 0
    },
    "maxResponseTime": {
        "total": 1282,
        "ok": 1282,
        "ko": 0
    },
    "meanResponseTime": {
        "total": 239,
        "ok": 239,
        "ko": 0
    },
    "standardDeviation": {
        "total": 298,
        "ok": 298,
        "ko": 0
    },
    "percentiles1": {
        "total": 138,
        "ok": 138,
        "ko": 0
    },
    "percentiles2": {
        "total": 207,
        "ok": 207,
        "ko": 0
    },
    "percentiles3": {
        "total": 1208,
        "ok": 1208,
        "ko": 0
    },
    "percentiles4": {
        "total": 1267,
        "ok": 1267,
        "ko": 0
    },
    "group1": {
    "name": "t < 800 ms",
    "count": 46,
    "percentage": 92
},
    "group2": {
    "name": "800 ms < t < 1200 ms",
    "count": 1,
    "percentage": 2
},
    "group3": {
    "name": "t > 1200 ms",
    "count": 3,
    "percentage": 6
},
    "group4": {
    "name": "failed",
    "count": 0,
    "percentage": 0
},
    "meanNumberOfRequestsPerSecond": {
        "total": 0.25773195876288657,
        "ok": 0.25773195876288657,
        "ko": 0
    }
}
    },"req_request-32-84a21": {
        "type": "REQUEST",
        "name": "request_32",
"path": "request_32",
"pathFormatted": "req_request-32-84a21",
"stats": {
    "name": "request_32",
    "numberOfRequests": {
        "total": 50,
        "ok": 50,
        "ko": 0
    },
    "minResponseTime": {
        "total": 108,
        "ok": 108,
        "ko": 0
    },
    "maxResponseTime": {
        "total": 1278,
        "ok": 1278,
        "ko": 0
    },
    "meanResponseTime": {
        "total": 218,
        "ok": 218,
        "ko": 0
    },
    "standardDeviation": {
        "total": 264,
        "ok": 264,
        "ko": 0
    },
    "percentiles1": {
        "total": 133,
        "ok": 133,
        "ko": 0
    },
    "percentiles2": {
        "total": 208,
        "ok": 208,
        "ko": 0
    },
    "percentiles3": {
        "total": 798,
        "ok": 798,
        "ko": 0
    },
    "percentiles4": {
        "total": 1261,
        "ok": 1261,
        "ko": 0
    },
    "group1": {
    "name": "t < 800 ms",
    "count": 47,
    "percentage": 94
},
    "group2": {
    "name": "800 ms < t < 1200 ms",
    "count": 0,
    "percentage": 0
},
    "group3": {
    "name": "t > 1200 ms",
    "count": 3,
    "percentage": 6
},
    "group4": {
    "name": "failed",
    "count": 0,
    "percentage": 0
},
    "meanNumberOfRequestsPerSecond": {
        "total": 0.25773195876288657,
        "ok": 0.25773195876288657,
        "ko": 0
    }
}
    },"req_request-33-6bb92": {
        "type": "REQUEST",
        "name": "request_33",
"path": "request_33",
"pathFormatted": "req_request-33-6bb92",
"stats": {
    "name": "request_33",
    "numberOfRequests": {
        "total": 50,
        "ok": 50,
        "ko": 0
    },
    "minResponseTime": {
        "total": 9,
        "ok": 9,
        "ko": 0
    },
    "maxResponseTime": {
        "total": 60,
        "ok": 60,
        "ko": 0
    },
    "meanResponseTime": {
        "total": 19,
        "ok": 19,
        "ko": 0
    },
    "standardDeviation": {
        "total": 9,
        "ok": 9,
        "ko": 0
    },
    "percentiles1": {
        "total": 16,
        "ok": 16,
        "ko": 0
    },
    "percentiles2": {
        "total": 22,
        "ok": 22,
        "ko": 0
    },
    "percentiles3": {
        "total": 34,
        "ok": 34,
        "ko": 0
    },
    "percentiles4": {
        "total": 48,
        "ok": 48,
        "ko": 0
    },
    "group1": {
    "name": "t < 800 ms",
    "count": 50,
    "percentage": 100
},
    "group2": {
    "name": "800 ms < t < 1200 ms",
    "count": 0,
    "percentage": 0
},
    "group3": {
    "name": "t > 1200 ms",
    "count": 0,
    "percentage": 0
},
    "group4": {
    "name": "failed",
    "count": 0,
    "percentage": 0
},
    "meanNumberOfRequestsPerSecond": {
        "total": 0.25773195876288657,
        "ok": 0.25773195876288657,
        "ko": 0
    }
}
    },"req_request-34-d9757": {
        "type": "REQUEST",
        "name": "request_34",
"path": "request_34",
"pathFormatted": "req_request-34-d9757",
"stats": {
    "name": "request_34",
    "numberOfRequests": {
        "total": 50,
        "ok": 50,
        "ko": 0
    },
    "minResponseTime": {
        "total": 107,
        "ok": 107,
        "ko": 0
    },
    "maxResponseTime": {
        "total": 1273,
        "ok": 1273,
        "ko": 0
    },
    "meanResponseTime": {
        "total": 241,
        "ok": 241,
        "ko": 0
    },
    "standardDeviation": {
        "total": 297,
        "ok": 297,
        "ko": 0
    },
    "percentiles1": {
        "total": 135,
        "ok": 135,
        "ko": 0
    },
    "percentiles2": {
        "total": 212,
        "ok": 212,
        "ko": 0
    },
    "percentiles3": {
        "total": 1208,
        "ok": 1208,
        "ko": 0
    },
    "percentiles4": {
        "total": 1264,
        "ok": 1264,
        "ko": 0
    },
    "group1": {
    "name": "t < 800 ms",
    "count": 46,
    "percentage": 92
},
    "group2": {
    "name": "800 ms < t < 1200 ms",
    "count": 1,
    "percentage": 2
},
    "group3": {
    "name": "t > 1200 ms",
    "count": 3,
    "percentage": 6
},
    "group4": {
    "name": "failed",
    "count": 0,
    "percentage": 0
},
    "meanNumberOfRequestsPerSecond": {
        "total": 0.25773195876288657,
        "ok": 0.25773195876288657,
        "ko": 0
    }
}
    }
}

}