{
    "name": "Global Information",
    "numberOfRequests": {
        "total": 5198,
        "ok": 5197,
        "ko": 1
    },
    "minResponseTime": {
        "total": 0,
        "ok": 0,
        "ko": 17
    },
    "maxResponseTime": {
        "total": 3417,
        "ok": 3417,
        "ko": 17
    },
    "meanResponseTime": {
        "total": 74,
        "ok": 74,
        "ko": 17
    },
    "standardDeviation": {
        "total": 148,
        "ok": 148,
        "ko": 0
    },
    "percentiles1": {
        "total": 21,
        "ok": 21,
        "ko": 17
    },
    "percentiles2": {
        "total": 83,
        "ok": 83,
        "ko": 17
    },
    "percentiles3": {
        "total": 364,
        "ok": 364,
        "ko": 17
    },
    "percentiles4": {
        "total": 533,
        "ok": 533,
        "ko": 17
    },
    "group1": {
    "name": "t < 800 ms",
    "count": 5177,
    "percentage": 100
},
    "group2": {
    "name": "800 ms < t < 1200 ms",
    "count": 4,
    "percentage": 0
},
    "group3": {
    "name": "t > 1200 ms",
    "count": 16,
    "percentage": 0
},
    "group4": {
    "name": "failed",
    "count": 1,
    "percentage": 0
},
    "meanNumberOfRequestsPerSecond": {
        "total": 47.68807339449541,
        "ok": 47.678899082568805,
        "ko": 0.009174311926605505
    }
}