{
  "type": "GROUP",
"name": "Global Information",
"path": "",
"pathFormatted": "group_missing-name-b06d1",
"stats": {
    "name": "Global Information",
    "numberOfRequests": {
        "total": 5198,
        "ok": 5197,
        "ko": 1
    },
    "minResponseTime": {
        "total": 0,
        "ok": 0,
        "ko": 17
    },
    "maxResponseTime": {
        "total": 3417,
        "ok": 3417,
        "ko": 17
    },
    "meanResponseTime": {
        "total": 74,
        "ok": 74,
        "ko": 17
    },
    "standardDeviation": {
        "total": 148,
        "ok": 148,
        "ko": 0
    },
    "percentiles1": {
        "total": 21,
        "ok": 21,
        "ko": 17
    },
    "percentiles2": {
        "total": 83,
        "ok": 83,
        "ko": 17
    },
    "percentiles3": {
        "total": 364,
        "ok": 364,
        "ko": 17
    },
    "percentiles4": {
        "total": 533,
        "ok": 533,
        "ko": 17
    },
    "group1": {
    "name": "t < 800 ms",
    "count": 5177,
    "percentage": 100
},
    "group2": {
    "name": "800 ms < t < 1200 ms",
    "count": 4,
    "percentage": 0
},
    "group3": {
    "name": "t > 1200 ms",
    "count": 16,
    "percentage": 0
},
    "group4": {
    "name": "failed",
    "count": 1,
    "percentage": 0
},
    "meanNumberOfRequestsPerSecond": {
        "total": 47.68807339449541,
        "ok": 47.678899082568805,
        "ko": 0.009174311926605505
    }
},
"contents": {
"req_request-0-684d2": {
        "type": "REQUEST",
        "name": "request_0",
"path": "request_0",
"pathFormatted": "req_request-0-684d2",
"stats": {
    "name": "request_0",
    "numberOfRequests": {
        "total": 100,
        "ok": 100,
        "ko": 0
    },
    "minResponseTime": {
        "total": 1,
        "ok": 1,
        "ko": 0
    },
    "maxResponseTime": {
        "total": 36,
        "ok": 36,
        "ko": 0
    },
    "meanResponseTime": {
        "total": 5,
        "ok": 5,
        "ko": 0
    },
    "standardDeviation": {
        "total": 6,
        "ok": 6,
        "ko": 0
    },
    "percentiles1": {
        "total": 2,
        "ok": 2,
        "ko": 0
    },
    "percentiles2": {
        "total": 4,
        "ok": 4,
        "ko": 0
    },
    "percentiles3": {
        "total": 15,
        "ok": 15,
        "ko": 0
    },
    "percentiles4": {
        "total": 33,
        "ok": 33,
        "ko": 0
    },
    "group1": {
    "name": "t < 800 ms",
    "count": 100,
    "percentage": 100
},
    "group2": {
    "name": "800 ms < t < 1200 ms",
    "count": 0,
    "percentage": 0
},
    "group3": {
    "name": "t > 1200 ms",
    "count": 0,
    "percentage": 0
},
    "group4": {
    "name": "failed",
    "count": 0,
    "percentage": 0
},
    "meanNumberOfRequestsPerSecond": {
        "total": 0.9174311926605505,
        "ok": 0.9174311926605505,
        "ko": 0
    }
}
    },"req_leaflet-css-a4c98": {
        "type": "REQUEST",
        "name": "leaflet.css",
"path": "leaflet.css",
"pathFormatted": "req_leaflet-css-a4c98",
"stats": {
    "name": "leaflet.css",
    "numberOfRequests": {
        "total": 100,
        "ok": 100,
        "ko": 0
    },
    "minResponseTime": {
        "total": 51,
        "ok": 51,
        "ko": 0
    },
    "maxResponseTime": {
        "total": 124,
        "ok": 124,
        "ko": 0
    },
    "meanResponseTime": {
        "total": 69,
        "ok": 69,
        "ko": 0
    },
    "standardDeviation": {
        "total": 11,
        "ok": 11,
        "ko": 0
    },
    "percentiles1": {
        "total": 67,
        "ok": 67,
        "ko": 0
    },
    "percentiles2": {
        "total": 72,
        "ok": 72,
        "ko": 0
    },
    "percentiles3": {
        "total": 90,
        "ok": 90,
        "ko": 0
    },
    "percentiles4": {
        "total": 120,
        "ok": 120,
        "ko": 0
    },
    "group1": {
    "name": "t < 800 ms",
    "count": 100,
    "percentage": 100
},
    "group2": {
    "name": "800 ms < t < 1200 ms",
    "count": 0,
    "percentage": 0
},
    "group3": {
    "name": "t > 1200 ms",
    "count": 0,
    "percentage": 0
},
    "group4": {
    "name": "failed",
    "count": 0,
    "percentage": 0
},
    "meanNumberOfRequestsPerSecond": {
        "total": 0.9174311926605505,
        "ok": 0.9174311926605505,
        "ko": 0
    }
}
    },"req_favicon-ico-8af3a": {
        "type": "REQUEST",
        "name": "favicon.ico",
"path": "favicon.ico",
"pathFormatted": "req_favicon-ico-8af3a",
"stats": {
    "name": "favicon.ico",
    "numberOfRequests": {
        "total": 300,
        "ok": 300,
        "ko": 0
    },
    "minResponseTime": {
        "total": 1,
        "ok": 1,
        "ko": 0
    },
    "maxResponseTime": {
        "total": 49,
        "ok": 49,
        "ko": 0
    },
    "meanResponseTime": {
        "total": 6,
        "ok": 6,
        "ko": 0
    },
    "standardDeviation": {
        "total": 9,
        "ok": 9,
        "ko": 0
    },
    "percentiles1": {
        "total": 2,
        "ok": 2,
        "ko": 0
    },
    "percentiles2": {
        "total": 4,
        "ok": 4,
        "ko": 0
    },
    "percentiles3": {
        "total": 24,
        "ok": 24,
        "ko": 0
    },
    "percentiles4": {
        "total": 36,
        "ok": 36,
        "ko": 0
    },
    "group1": {
    "name": "t < 800 ms",
    "count": 300,
    "percentage": 100
},
    "group2": {
    "name": "800 ms < t < 1200 ms",
    "count": 0,
    "percentage": 0
},
    "group3": {
    "name": "t > 1200 ms",
    "count": 0,
    "percentage": 0
},
    "group4": {
    "name": "failed",
    "count": 0,
    "percentage": 0
},
    "meanNumberOfRequestsPerSecond": {
        "total": 2.7522935779816513,
        "ok": 2.7522935779816513,
        "ko": 0
    }
}
    },"req_bundle-js-0b837": {
        "type": "REQUEST",
        "name": "bundle.js",
"path": "bundle.js",
"pathFormatted": "req_bundle-js-0b837",
"stats": {
    "name": "bundle.js",
    "numberOfRequests": {
        "total": 300,
        "ok": 300,
        "ko": 0
    },
    "minResponseTime": {
        "total": 1,
        "ok": 1,
        "ko": 0
    },
    "maxResponseTime": {
        "total": 62,
        "ok": 62,
        "ko": 0
    },
    "meanResponseTime": {
        "total": 10,
        "ok": 10,
        "ko": 0
    },
    "standardDeviation": {
        "total": 12,
        "ok": 12,
        "ko": 0
    },
    "percentiles1": {
        "total": 3,
        "ok": 3,
        "ko": 0
    },
    "percentiles2": {
        "total": 19,
        "ok": 19,
        "ko": 0
    },
    "percentiles3": {
        "total": 36,
        "ok": 36,
        "ko": 0
    },
    "percentiles4": {
        "total": 50,
        "ok": 50,
        "ko": 0
    },
    "group1": {
    "name": "t < 800 ms",
    "count": 300,
    "percentage": 100
},
    "group2": {
    "name": "800 ms < t < 1200 ms",
    "count": 0,
    "percentage": 0
},
    "group3": {
    "name": "t > 1200 ms",
    "count": 0,
    "percentage": 0
},
    "group4": {
    "name": "failed",
    "count": 0,
    "percentage": 0
},
    "meanNumberOfRequestsPerSecond": {
        "total": 2.7522935779816513,
        "ok": 2.7522935779816513,
        "ko": 0
    }
}
    },"req_0-chunk-js-ddd34": {
        "type": "REQUEST",
        "name": "0.chunk.js",
"path": "0.chunk.js",
"pathFormatted": "req_0-chunk-js-ddd34",
"stats": {
    "name": "0.chunk.js",
    "numberOfRequests": {
        "total": 300,
        "ok": 300,
        "ko": 0
    },
    "minResponseTime": {
        "total": 15,
        "ok": 15,
        "ko": 0
    },
    "maxResponseTime": {
        "total": 659,
        "ok": 659,
        "ko": 0
    },
    "meanResponseTime": {
        "total": 176,
        "ok": 176,
        "ko": 0
    },
    "standardDeviation": {
        "total": 220,
        "ok": 220,
        "ko": 0
    },
    "percentiles1": {
        "total": 21,
        "ok": 21,
        "ko": 0
    },
    "percentiles2": {
        "total": 459,
        "ok": 459,
        "ko": 0
    },
    "percentiles3": {
        "total": 525,
        "ok": 525,
        "ko": 0
    },
    "percentiles4": {
        "total": 609,
        "ok": 609,
        "ko": 0
    },
    "group1": {
    "name": "t < 800 ms",
    "count": 300,
    "percentage": 100
},
    "group2": {
    "name": "800 ms < t < 1200 ms",
    "count": 0,
    "percentage": 0
},
    "group3": {
    "name": "t > 1200 ms",
    "count": 0,
    "percentage": 0
},
    "group4": {
    "name": "failed",
    "count": 0,
    "percentage": 0
},
    "meanNumberOfRequestsPerSecond": {
        "total": 2.7522935779816513,
        "ok": 2.7522935779816513,
        "ko": 0
    }
}
    },"req_main-chunk-js-7361f": {
        "type": "REQUEST",
        "name": "main.chunk.js",
"path": "main.chunk.js",
"pathFormatted": "req_main-chunk-js-7361f",
"stats": {
    "name": "main.chunk.js",
    "numberOfRequests": {
        "total": 300,
        "ok": 300,
        "ko": 0
    },
    "minResponseTime": {
        "total": 3,
        "ok": 3,
        "ko": 0
    },
    "maxResponseTime": {
        "total": 66,
        "ok": 66,
        "ko": 0
    },
    "meanResponseTime": {
        "total": 25,
        "ok": 25,
        "ko": 0
    },
    "standardDeviation": {
        "total": 10,
        "ok": 10,
        "ko": 0
    },
    "percentiles1": {
        "total": 21,
        "ok": 21,
        "ko": 0
    },
    "percentiles2": {
        "total": 28,
        "ok": 28,
        "ko": 0
    },
    "percentiles3": {
        "total": 48,
        "ok": 48,
        "ko": 0
    },
    "percentiles4": {
        "total": 58,
        "ok": 58,
        "ko": 0
    },
    "group1": {
    "name": "t < 800 ms",
    "count": 300,
    "percentage": 100
},
    "group2": {
    "name": "800 ms < t < 1200 ms",
    "count": 0,
    "percentage": 0
},
    "group3": {
    "name": "t > 1200 ms",
    "count": 0,
    "percentage": 0
},
    "group4": {
    "name": "failed",
    "count": 0,
    "percentage": 0
},
    "meanNumberOfRequestsPerSecond": {
        "total": 2.7522935779816513,
        "ok": 2.7522935779816513,
        "ko": 0
    }
}
    },"req_request-1-46da4": {
        "type": "REQUEST",
        "name": "request_1",
"path": "request_1",
"pathFormatted": "req_request-1-46da4",
"stats": {
    "name": "request_1",
    "numberOfRequests": {
        "total": 100,
        "ok": 100,
        "ko": 0
    },
    "minResponseTime": {
        "total": 1,
        "ok": 1,
        "ko": 0
    },
    "maxResponseTime": {
        "total": 42,
        "ok": 42,
        "ko": 0
    },
    "meanResponseTime": {
        "total": 4,
        "ok": 4,
        "ko": 0
    },
    "standardDeviation": {
        "total": 6,
        "ok": 6,
        "ko": 0
    },
    "percentiles1": {
        "total": 2,
        "ok": 2,
        "ko": 0
    },
    "percentiles2": {
        "total": 4,
        "ok": 4,
        "ko": 0
    },
    "percentiles3": {
        "total": 16,
        "ok": 16,
        "ko": 0
    },
    "percentiles4": {
        "total": 22,
        "ok": 22,
        "ko": 0
    },
    "group1": {
    "name": "t < 800 ms",
    "count": 100,
    "percentage": 100
},
    "group2": {
    "name": "800 ms < t < 1200 ms",
    "count": 0,
    "percentage": 0
},
    "group3": {
    "name": "t > 1200 ms",
    "count": 0,
    "percentage": 0
},
    "group4": {
    "name": "failed",
    "count": 0,
    "percentage": 0
},
    "meanNumberOfRequestsPerSecond": {
        "total": 0.9174311926605505,
        "ok": 0.9174311926605505,
        "ko": 0
    }
}
    },"req_request-3-d0973": {
        "type": "REQUEST",
        "name": "request_3",
"path": "request_3",
"pathFormatted": "req_request-3-d0973",
"stats": {
    "name": "request_3",
    "numberOfRequests": {
        "total": 100,
        "ok": 100,
        "ko": 0
    },
    "minResponseTime": {
        "total": 1,
        "ok": 1,
        "ko": 0
    },
    "maxResponseTime": {
        "total": 28,
        "ok": 28,
        "ko": 0
    },
    "meanResponseTime": {
        "total": 4,
        "ok": 4,
        "ko": 0
    },
    "standardDeviation": {
        "total": 4,
        "ok": 4,
        "ko": 0
    },
    "percentiles1": {
        "total": 2,
        "ok": 2,
        "ko": 0
    },
    "percentiles2": {
        "total": 4,
        "ok": 4,
        "ko": 0
    },
    "percentiles3": {
        "total": 10,
        "ok": 10,
        "ko": 0
    },
    "percentiles4": {
        "total": 21,
        "ok": 21,
        "ko": 0
    },
    "group1": {
    "name": "t < 800 ms",
    "count": 100,
    "percentage": 100
},
    "group2": {
    "name": "800 ms < t < 1200 ms",
    "count": 0,
    "percentage": 0
},
    "group3": {
    "name": "t > 1200 ms",
    "count": 0,
    "percentage": 0
},
    "group4": {
    "name": "failed",
    "count": 0,
    "percentage": 0
},
    "meanNumberOfRequestsPerSecond": {
        "total": 0.9174311926605505,
        "ok": 0.9174311926605505,
        "ko": 0
    }
}
    },"req_request-2-93baf": {
        "type": "REQUEST",
        "name": "request_2",
"path": "request_2",
"pathFormatted": "req_request-2-93baf",
"stats": {
    "name": "request_2",
    "numberOfRequests": {
        "total": 100,
        "ok": 100,
        "ko": 0
    },
    "minResponseTime": {
        "total": 1,
        "ok": 1,
        "ko": 0
    },
    "maxResponseTime": {
        "total": 18,
        "ok": 18,
        "ko": 0
    },
    "meanResponseTime": {
        "total": 2,
        "ok": 2,
        "ko": 0
    },
    "standardDeviation": {
        "total": 2,
        "ok": 2,
        "ko": 0
    },
    "percentiles1": {
        "total": 2,
        "ok": 2,
        "ko": 0
    },
    "percentiles2": {
        "total": 3,
        "ok": 3,
        "ko": 0
    },
    "percentiles3": {
        "total": 6,
        "ok": 6,
        "ko": 0
    },
    "percentiles4": {
        "total": 9,
        "ok": 9,
        "ko": 0
    },
    "group1": {
    "name": "t < 800 ms",
    "count": 100,
    "percentage": 100
},
    "group2": {
    "name": "800 ms < t < 1200 ms",
    "count": 0,
    "percentage": 0
},
    "group3": {
    "name": "t > 1200 ms",
    "count": 0,
    "percentage": 0
},
    "group4": {
    "name": "failed",
    "count": 0,
    "percentage": 0
},
    "meanNumberOfRequestsPerSecond": {
        "total": 0.9174311926605505,
        "ok": 0.9174311926605505,
        "ko": 0
    }
}
    },"req_request-4-e7d1b": {
        "type": "REQUEST",
        "name": "request_4",
"path": "request_4",
"pathFormatted": "req_request-4-e7d1b",
"stats": {
    "name": "request_4",
    "numberOfRequests": {
        "total": 100,
        "ok": 100,
        "ko": 0
    },
    "minResponseTime": {
        "total": 1,
        "ok": 1,
        "ko": 0
    },
    "maxResponseTime": {
        "total": 27,
        "ok": 27,
        "ko": 0
    },
    "meanResponseTime": {
        "total": 4,
        "ok": 4,
        "ko": 0
    },
    "standardDeviation": {
        "total": 4,
        "ok": 4,
        "ko": 0
    },
    "percentiles1": {
        "total": 2,
        "ok": 2,
        "ko": 0
    },
    "percentiles2": {
        "total": 4,
        "ok": 4,
        "ko": 0
    },
    "percentiles3": {
        "total": 10,
        "ok": 10,
        "ko": 0
    },
    "percentiles4": {
        "total": 21,
        "ok": 21,
        "ko": 0
    },
    "group1": {
    "name": "t < 800 ms",
    "count": 100,
    "percentage": 100
},
    "group2": {
    "name": "800 ms < t < 1200 ms",
    "count": 0,
    "percentage": 0
},
    "group3": {
    "name": "t > 1200 ms",
    "count": 0,
    "percentage": 0
},
    "group4": {
    "name": "failed",
    "count": 0,
    "percentage": 0
},
    "meanNumberOfRequestsPerSecond": {
        "total": 0.9174311926605505,
        "ok": 0.9174311926605505,
        "ko": 0
    }
}
    },"req_request-5-48829": {
        "type": "REQUEST",
        "name": "request_5",
"path": "request_5",
"pathFormatted": "req_request-5-48829",
"stats": {
    "name": "request_5",
    "numberOfRequests": {
        "total": 100,
        "ok": 100,
        "ko": 0
    },
    "minResponseTime": {
        "total": 3,
        "ok": 3,
        "ko": 0
    },
    "maxResponseTime": {
        "total": 66,
        "ok": 66,
        "ko": 0
    },
    "meanResponseTime": {
        "total": 9,
        "ok": 9,
        "ko": 0
    },
    "standardDeviation": {
        "total": 9,
        "ok": 9,
        "ko": 0
    },
    "percentiles1": {
        "total": 5,
        "ok": 5,
        "ko": 0
    },
    "percentiles2": {
        "total": 8,
        "ok": 8,
        "ko": 0
    },
    "percentiles3": {
        "total": 24,
        "ok": 24,
        "ko": 0
    },
    "percentiles4": {
        "total": 34,
        "ok": 34,
        "ko": 0
    },
    "group1": {
    "name": "t < 800 ms",
    "count": 100,
    "percentage": 100
},
    "group2": {
    "name": "800 ms < t < 1200 ms",
    "count": 0,
    "percentage": 0
},
    "group3": {
    "name": "t > 1200 ms",
    "count": 0,
    "percentage": 0
},
    "group4": {
    "name": "failed",
    "count": 0,
    "percentage": 0
},
    "meanNumberOfRequestsPerSecond": {
        "total": 0.9174311926605505,
        "ok": 0.9174311926605505,
        "ko": 0
    }
}
    },"req_request-6-027a9": {
        "type": "REQUEST",
        "name": "request_6",
"path": "request_6",
"pathFormatted": "req_request-6-027a9",
"stats": {
    "name": "request_6",
    "numberOfRequests": {
        "total": 100,
        "ok": 99,
        "ko": 1
    },
    "minResponseTime": {
        "total": 0,
        "ok": 0,
        "ko": 17
    },
    "maxResponseTime": {
        "total": 17,
        "ok": 15,
        "ko": 17
    },
    "meanResponseTime": {
        "total": 2,
        "ok": 2,
        "ko": 17
    },
    "standardDeviation": {
        "total": 3,
        "ok": 3,
        "ko": 0
    },
    "percentiles1": {
        "total": 1,
        "ok": 1,
        "ko": 17
    },
    "percentiles2": {
        "total": 2,
        "ok": 2,
        "ko": 17
    },
    "percentiles3": {
        "total": 8,
        "ok": 7,
        "ko": 17
    },
    "percentiles4": {
        "total": 15,
        "ok": 14,
        "ko": 17
    },
    "group1": {
    "name": "t < 800 ms",
    "count": 99,
    "percentage": 99
},
    "group2": {
    "name": "800 ms < t < 1200 ms",
    "count": 0,
    "percentage": 0
},
    "group3": {
    "name": "t > 1200 ms",
    "count": 0,
    "percentage": 0
},
    "group4": {
    "name": "failed",
    "count": 1,
    "percentage": 1
},
    "meanNumberOfRequestsPerSecond": {
        "total": 0.9174311926605505,
        "ok": 0.908256880733945,
        "ko": 0.009174311926605505
    }
}
    },"req_request-7-f222f": {
        "type": "REQUEST",
        "name": "request_7",
"path": "request_7",
"pathFormatted": "req_request-7-f222f",
"stats": {
    "name": "request_7",
    "numberOfRequests": {
        "total": 99,
        "ok": 99,
        "ko": 0
    },
    "minResponseTime": {
        "total": 0,
        "ok": 0,
        "ko": 0
    },
    "maxResponseTime": {
        "total": 52,
        "ok": 52,
        "ko": 0
    },
    "meanResponseTime": {
        "total": 2,
        "ok": 2,
        "ko": 0
    },
    "standardDeviation": {
        "total": 6,
        "ok": 6,
        "ko": 0
    },
    "percentiles1": {
        "total": 1,
        "ok": 1,
        "ko": 0
    },
    "percentiles2": {
        "total": 2,
        "ok": 2,
        "ko": 0
    },
    "percentiles3": {
        "total": 5,
        "ok": 5,
        "ko": 0
    },
    "percentiles4": {
        "total": 24,
        "ok": 24,
        "ko": 0
    },
    "group1": {
    "name": "t < 800 ms",
    "count": 99,
    "percentage": 100
},
    "group2": {
    "name": "800 ms < t < 1200 ms",
    "count": 0,
    "percentage": 0
},
    "group3": {
    "name": "t > 1200 ms",
    "count": 0,
    "percentage": 0
},
    "group4": {
    "name": "failed",
    "count": 0,
    "percentage": 0
},
    "meanNumberOfRequestsPerSecond": {
        "total": 0.908256880733945,
        "ok": 0.908256880733945,
        "ko": 0
    }
}
    },"req_request-8-ef0c8": {
        "type": "REQUEST",
        "name": "request_8",
"path": "request_8",
"pathFormatted": "req_request-8-ef0c8",
"stats": {
    "name": "request_8",
    "numberOfRequests": {
        "total": 99,
        "ok": 99,
        "ko": 0
    },
    "minResponseTime": {
        "total": 1,
        "ok": 1,
        "ko": 0
    },
    "maxResponseTime": {
        "total": 52,
        "ok": 52,
        "ko": 0
    },
    "meanResponseTime": {
        "total": 3,
        "ok": 3,
        "ko": 0
    },
    "standardDeviation": {
        "total": 6,
        "ok": 6,
        "ko": 0
    },
    "percentiles1": {
        "total": 2,
        "ok": 2,
        "ko": 0
    },
    "percentiles2": {
        "total": 3,
        "ok": 3,
        "ko": 0
    },
    "percentiles3": {
        "total": 7,
        "ok": 7,
        "ko": 0
    },
    "percentiles4": {
        "total": 25,
        "ok": 25,
        "ko": 0
    },
    "group1": {
    "name": "t < 800 ms",
    "count": 99,
    "percentage": 100
},
    "group2": {
    "name": "800 ms < t < 1200 ms",
    "count": 0,
    "percentage": 0
},
    "group3": {
    "name": "t > 1200 ms",
    "count": 0,
    "percentage": 0
},
    "group4": {
    "name": "failed",
    "count": 0,
    "percentage": 0
},
    "meanNumberOfRequestsPerSecond": {
        "total": 0.908256880733945,
        "ok": 0.908256880733945,
        "ko": 0
    }
}
    },"req_request-9-d127e": {
        "type": "REQUEST",
        "name": "request_9",
"path": "request_9",
"pathFormatted": "req_request-9-d127e",
"stats": {
    "name": "request_9",
    "numberOfRequests": {
        "total": 100,
        "ok": 100,
        "ko": 0
    },
    "minResponseTime": {
        "total": 6,
        "ok": 6,
        "ko": 0
    },
    "maxResponseTime": {
        "total": 162,
        "ok": 162,
        "ko": 0
    },
    "meanResponseTime": {
        "total": 33,
        "ok": 33,
        "ko": 0
    },
    "standardDeviation": {
        "total": 29,
        "ok": 29,
        "ko": 0
    },
    "percentiles1": {
        "total": 21,
        "ok": 21,
        "ko": 0
    },
    "percentiles2": {
        "total": 53,
        "ok": 53,
        "ko": 0
    },
    "percentiles3": {
        "total": 84,
        "ok": 84,
        "ko": 0
    },
    "percentiles4": {
        "total": 120,
        "ok": 120,
        "ko": 0
    },
    "group1": {
    "name": "t < 800 ms",
    "count": 100,
    "percentage": 100
},
    "group2": {
    "name": "800 ms < t < 1200 ms",
    "count": 0,
    "percentage": 0
},
    "group3": {
    "name": "t > 1200 ms",
    "count": 0,
    "percentage": 0
},
    "group4": {
    "name": "failed",
    "count": 0,
    "percentage": 0
},
    "meanNumberOfRequestsPerSecond": {
        "total": 0.9174311926605505,
        "ok": 0.9174311926605505,
        "ko": 0
    }
}
    },"req_request-10-1cfbe": {
        "type": "REQUEST",
        "name": "request_10",
"path": "request_10",
"pathFormatted": "req_request-10-1cfbe",
"stats": {
    "name": "request_10",
    "numberOfRequests": {
        "total": 100,
        "ok": 100,
        "ko": 0
    },
    "minResponseTime": {
        "total": 2,
        "ok": 2,
        "ko": 0
    },
    "maxResponseTime": {
        "total": 148,
        "ok": 148,
        "ko": 0
    },
    "meanResponseTime": {
        "total": 12,
        "ok": 12,
        "ko": 0
    },
    "standardDeviation": {
        "total": 20,
        "ok": 20,
        "ko": 0
    },
    "percentiles1": {
        "total": 5,
        "ok": 5,
        "ko": 0
    },
    "percentiles2": {
        "total": 10,
        "ok": 10,
        "ko": 0
    },
    "percentiles3": {
        "total": 45,
        "ok": 45,
        "ko": 0
    },
    "percentiles4": {
        "total": 89,
        "ok": 89,
        "ko": 0
    },
    "group1": {
    "name": "t < 800 ms",
    "count": 100,
    "percentage": 100
},
    "group2": {
    "name": "800 ms < t < 1200 ms",
    "count": 0,
    "percentage": 0
},
    "group3": {
    "name": "t > 1200 ms",
    "count": 0,
    "percentage": 0
},
    "group4": {
    "name": "failed",
    "count": 0,
    "percentage": 0
},
    "meanNumberOfRequestsPerSecond": {
        "total": 0.9174311926605505,
        "ok": 0.9174311926605505,
        "ko": 0
    }
}
    },"req_request-11-f11e8": {
        "type": "REQUEST",
        "name": "request_11",
"path": "request_11",
"pathFormatted": "req_request-11-f11e8",
"stats": {
    "name": "request_11",
    "numberOfRequests": {
        "total": 100,
        "ok": 100,
        "ko": 0
    },
    "minResponseTime": {
        "total": 12,
        "ok": 12,
        "ko": 0
    },
    "maxResponseTime": {
        "total": 177,
        "ok": 177,
        "ko": 0
    },
    "meanResponseTime": {
        "total": 40,
        "ok": 40,
        "ko": 0
    },
    "standardDeviation": {
        "total": 33,
        "ok": 33,
        "ko": 0
    },
    "percentiles1": {
        "total": 26,
        "ok": 26,
        "ko": 0
    },
    "percentiles2": {
        "total": 48,
        "ok": 48,
        "ko": 0
    },
    "percentiles3": {
        "total": 110,
        "ok": 110,
        "ko": 0
    },
    "percentiles4": {
        "total": 133,
        "ok": 133,
        "ko": 0
    },
    "group1": {
    "name": "t < 800 ms",
    "count": 100,
    "percentage": 100
},
    "group2": {
    "name": "800 ms < t < 1200 ms",
    "count": 0,
    "percentage": 0
},
    "group3": {
    "name": "t > 1200 ms",
    "count": 0,
    "percentage": 0
},
    "group4": {
    "name": "failed",
    "count": 0,
    "percentage": 0
},
    "meanNumberOfRequestsPerSecond": {
        "total": 0.9174311926605505,
        "ok": 0.9174311926605505,
        "ko": 0
    }
}
    },"req_request-12-61da2": {
        "type": "REQUEST",
        "name": "request_12",
"path": "request_12",
"pathFormatted": "req_request-12-61da2",
"stats": {
    "name": "request_12",
    "numberOfRequests": {
        "total": 200,
        "ok": 200,
        "ko": 0
    },
    "minResponseTime": {
        "total": 10,
        "ok": 10,
        "ko": 0
    },
    "maxResponseTime": {
        "total": 233,
        "ok": 233,
        "ko": 0
    },
    "meanResponseTime": {
        "total": 45,
        "ok": 45,
        "ko": 0
    },
    "standardDeviation": {
        "total": 38,
        "ok": 38,
        "ko": 0
    },
    "percentiles1": {
        "total": 27,
        "ok": 27,
        "ko": 0
    },
    "percentiles2": {
        "total": 56,
        "ok": 56,
        "ko": 0
    },
    "percentiles3": {
        "total": 119,
        "ok": 119,
        "ko": 0
    },
    "percentiles4": {
        "total": 183,
        "ok": 183,
        "ko": 0
    },
    "group1": {
    "name": "t < 800 ms",
    "count": 200,
    "percentage": 100
},
    "group2": {
    "name": "800 ms < t < 1200 ms",
    "count": 0,
    "percentage": 0
},
    "group3": {
    "name": "t > 1200 ms",
    "count": 0,
    "percentage": 0
},
    "group4": {
    "name": "failed",
    "count": 0,
    "percentage": 0
},
    "meanNumberOfRequestsPerSecond": {
        "total": 1.834862385321101,
        "ok": 1.834862385321101,
        "ko": 0
    }
}
    },"req_request-14-a0e30": {
        "type": "REQUEST",
        "name": "request_14",
"path": "request_14",
"pathFormatted": "req_request-14-a0e30",
"stats": {
    "name": "request_14",
    "numberOfRequests": {
        "total": 100,
        "ok": 100,
        "ko": 0
    },
    "minResponseTime": {
        "total": 14,
        "ok": 14,
        "ko": 0
    },
    "maxResponseTime": {
        "total": 180,
        "ok": 180,
        "ko": 0
    },
    "meanResponseTime": {
        "total": 43,
        "ok": 43,
        "ko": 0
    },
    "standardDeviation": {
        "total": 33,
        "ok": 33,
        "ko": 0
    },
    "percentiles1": {
        "total": 27,
        "ok": 27,
        "ko": 0
    },
    "percentiles2": {
        "total": 52,
        "ok": 52,
        "ko": 0
    },
    "percentiles3": {
        "total": 109,
        "ok": 109,
        "ko": 0
    },
    "percentiles4": {
        "total": 133,
        "ok": 133,
        "ko": 0
    },
    "group1": {
    "name": "t < 800 ms",
    "count": 100,
    "percentage": 100
},
    "group2": {
    "name": "800 ms < t < 1200 ms",
    "count": 0,
    "percentage": 0
},
    "group3": {
    "name": "t > 1200 ms",
    "count": 0,
    "percentage": 0
},
    "group4": {
    "name": "failed",
    "count": 0,
    "percentage": 0
},
    "meanNumberOfRequestsPerSecond": {
        "total": 0.9174311926605505,
        "ok": 0.9174311926605505,
        "ko": 0
    }
}
    },"req_request-13-5cca6": {
        "type": "REQUEST",
        "name": "request_13",
"path": "request_13",
"pathFormatted": "req_request-13-5cca6",
"stats": {
    "name": "request_13",
    "numberOfRequests": {
        "total": 100,
        "ok": 100,
        "ko": 0
    },
    "minResponseTime": {
        "total": 15,
        "ok": 15,
        "ko": 0
    },
    "maxResponseTime": {
        "total": 206,
        "ok": 206,
        "ko": 0
    },
    "meanResponseTime": {
        "total": 53,
        "ok": 53,
        "ko": 0
    },
    "standardDeviation": {
        "total": 40,
        "ok": 40,
        "ko": 0
    },
    "percentiles1": {
        "total": 33,
        "ok": 33,
        "ko": 0
    },
    "percentiles2": {
        "total": 69,
        "ok": 69,
        "ko": 0
    },
    "percentiles3": {
        "total": 135,
        "ok": 135,
        "ko": 0
    },
    "percentiles4": {
        "total": 189,
        "ok": 189,
        "ko": 0
    },
    "group1": {
    "name": "t < 800 ms",
    "count": 100,
    "percentage": 100
},
    "group2": {
    "name": "800 ms < t < 1200 ms",
    "count": 0,
    "percentage": 0
},
    "group3": {
    "name": "t > 1200 ms",
    "count": 0,
    "percentage": 0
},
    "group4": {
    "name": "failed",
    "count": 0,
    "percentage": 0
},
    "meanNumberOfRequestsPerSecond": {
        "total": 0.9174311926605505,
        "ok": 0.9174311926605505,
        "ko": 0
    }
}
    },"req_request-15-56eac": {
        "type": "REQUEST",
        "name": "request_15",
"path": "request_15",
"pathFormatted": "req_request-15-56eac",
"stats": {
    "name": "request_15",
    "numberOfRequests": {
        "total": 100,
        "ok": 100,
        "ko": 0
    },
    "minResponseTime": {
        "total": 61,
        "ok": 61,
        "ko": 0
    },
    "maxResponseTime": {
        "total": 521,
        "ok": 521,
        "ko": 0
    },
    "meanResponseTime": {
        "total": 167,
        "ok": 167,
        "ko": 0
    },
    "standardDeviation": {
        "total": 108,
        "ok": 108,
        "ko": 0
    },
    "percentiles1": {
        "total": 130,
        "ok": 130,
        "ko": 0
    },
    "percentiles2": {
        "total": 228,
        "ok": 228,
        "ko": 0
    },
    "percentiles3": {
        "total": 386,
        "ok": 386,
        "ko": 0
    },
    "percentiles4": {
        "total": 482,
        "ok": 482,
        "ko": 0
    },
    "group1": {
    "name": "t < 800 ms",
    "count": 100,
    "percentage": 100
},
    "group2": {
    "name": "800 ms < t < 1200 ms",
    "count": 0,
    "percentage": 0
},
    "group3": {
    "name": "t > 1200 ms",
    "count": 0,
    "percentage": 0
},
    "group4": {
    "name": "failed",
    "count": 0,
    "percentage": 0
},
    "meanNumberOfRequestsPerSecond": {
        "total": 0.9174311926605505,
        "ok": 0.9174311926605505,
        "ko": 0
    }
}
    },"req_request-16-24733": {
        "type": "REQUEST",
        "name": "request_16",
"path": "request_16",
"pathFormatted": "req_request-16-24733",
"stats": {
    "name": "request_16",
    "numberOfRequests": {
        "total": 100,
        "ok": 100,
        "ko": 0
    },
    "minResponseTime": {
        "total": 83,
        "ok": 83,
        "ko": 0
    },
    "maxResponseTime": {
        "total": 263,
        "ok": 263,
        "ko": 0
    },
    "meanResponseTime": {
        "total": 124,
        "ok": 124,
        "ko": 0
    },
    "standardDeviation": {
        "total": 41,
        "ok": 41,
        "ko": 0
    },
    "percentiles1": {
        "total": 111,
        "ok": 111,
        "ko": 0
    },
    "percentiles2": {
        "total": 143,
        "ok": 143,
        "ko": 0
    },
    "percentiles3": {
        "total": 214,
        "ok": 214,
        "ko": 0
    },
    "percentiles4": {
        "total": 242,
        "ok": 242,
        "ko": 0
    },
    "group1": {
    "name": "t < 800 ms",
    "count": 100,
    "percentage": 100
},
    "group2": {
    "name": "800 ms < t < 1200 ms",
    "count": 0,
    "percentage": 0
},
    "group3": {
    "name": "t > 1200 ms",
    "count": 0,
    "percentage": 0
},
    "group4": {
    "name": "failed",
    "count": 0,
    "percentage": 0
},
    "meanNumberOfRequestsPerSecond": {
        "total": 0.9174311926605505,
        "ok": 0.9174311926605505,
        "ko": 0
    }
}
    },"req_request-16-redi-ca4a2": {
        "type": "REQUEST",
        "name": "request_16 Redirect 1",
"path": "request_16 Redirect 1",
"pathFormatted": "req_request-16-redi-ca4a2",
"stats": {
    "name": "request_16 Redirect 1",
    "numberOfRequests": {
        "total": 100,
        "ok": 100,
        "ko": 0
    },
    "minResponseTime": {
        "total": 4,
        "ok": 4,
        "ko": 0
    },
    "maxResponseTime": {
        "total": 156,
        "ok": 156,
        "ko": 0
    },
    "meanResponseTime": {
        "total": 28,
        "ok": 28,
        "ko": 0
    },
    "standardDeviation": {
        "total": 31,
        "ok": 31,
        "ko": 0
    },
    "percentiles1": {
        "total": 13,
        "ok": 13,
        "ko": 0
    },
    "percentiles2": {
        "total": 38,
        "ok": 38,
        "ko": 0
    },
    "percentiles3": {
        "total": 94,
        "ok": 94,
        "ko": 0
    },
    "percentiles4": {
        "total": 127,
        "ok": 127,
        "ko": 0
    },
    "group1": {
    "name": "t < 800 ms",
    "count": 100,
    "percentage": 100
},
    "group2": {
    "name": "800 ms < t < 1200 ms",
    "count": 0,
    "percentage": 0
},
    "group3": {
    "name": "t > 1200 ms",
    "count": 0,
    "percentage": 0
},
    "group4": {
    "name": "failed",
    "count": 0,
    "percentage": 0
},
    "meanNumberOfRequestsPerSecond": {
        "total": 0.9174311926605505,
        "ok": 0.9174311926605505,
        "ko": 0
    }
}
    },"req_request-16-redi-74dda": {
        "type": "REQUEST",
        "name": "request_16 Redirect 2",
"path": "request_16 Redirect 2",
"pathFormatted": "req_request-16-redi-74dda",
"stats": {
    "name": "request_16 Redirect 2",
    "numberOfRequests": {
        "total": 100,
        "ok": 100,
        "ko": 0
    },
    "minResponseTime": {
        "total": 47,
        "ok": 47,
        "ko": 0
    },
    "maxResponseTime": {
        "total": 216,
        "ok": 216,
        "ko": 0
    },
    "meanResponseTime": {
        "total": 76,
        "ok": 76,
        "ko": 0
    },
    "standardDeviation": {
        "total": 37,
        "ok": 37,
        "ko": 0
    },
    "percentiles1": {
        "total": 58,
        "ok": 58,
        "ko": 0
    },
    "percentiles2": {
        "total": 85,
        "ok": 85,
        "ko": 0
    },
    "percentiles3": {
        "total": 159,
        "ok": 159,
        "ko": 0
    },
    "percentiles4": {
        "total": 216,
        "ok": 216,
        "ko": 0
    },
    "group1": {
    "name": "t < 800 ms",
    "count": 100,
    "percentage": 100
},
    "group2": {
    "name": "800 ms < t < 1200 ms",
    "count": 0,
    "percentage": 0
},
    "group3": {
    "name": "t > 1200 ms",
    "count": 0,
    "percentage": 0
},
    "group4": {
    "name": "failed",
    "count": 0,
    "percentage": 0
},
    "meanNumberOfRequestsPerSecond": {
        "total": 0.9174311926605505,
        "ok": 0.9174311926605505,
        "ko": 0
    }
}
    },"req_request-16-redi-6b920": {
        "type": "REQUEST",
        "name": "request_16 Redirect 3",
"path": "request_16 Redirect 3",
"pathFormatted": "req_request-16-redi-6b920",
"stats": {
    "name": "request_16 Redirect 3",
    "numberOfRequests": {
        "total": 100,
        "ok": 100,
        "ko": 0
    },
    "minResponseTime": {
        "total": 1,
        "ok": 1,
        "ko": 0
    },
    "maxResponseTime": {
        "total": 28,
        "ok": 28,
        "ko": 0
    },
    "meanResponseTime": {
        "total": 2,
        "ok": 2,
        "ko": 0
    },
    "standardDeviation": {
        "total": 3,
        "ok": 3,
        "ko": 0
    },
    "percentiles1": {
        "total": 2,
        "ok": 2,
        "ko": 0
    },
    "percentiles2": {
        "total": 2,
        "ok": 2,
        "ko": 0
    },
    "percentiles3": {
        "total": 4,
        "ok": 4,
        "ko": 0
    },
    "percentiles4": {
        "total": 12,
        "ok": 12,
        "ko": 0
    },
    "group1": {
    "name": "t < 800 ms",
    "count": 100,
    "percentage": 100
},
    "group2": {
    "name": "800 ms < t < 1200 ms",
    "count": 0,
    "percentage": 0
},
    "group3": {
    "name": "t > 1200 ms",
    "count": 0,
    "percentage": 0
},
    "group4": {
    "name": "failed",
    "count": 0,
    "percentage": 0
},
    "meanNumberOfRequestsPerSecond": {
        "total": 0.9174311926605505,
        "ok": 0.9174311926605505,
        "ko": 0
    }
}
    },"req_request-19-10d85": {
        "type": "REQUEST",
        "name": "request_19",
"path": "request_19",
"pathFormatted": "req_request-19-10d85",
"stats": {
    "name": "request_19",
    "numberOfRequests": {
        "total": 100,
        "ok": 100,
        "ko": 0
    },
    "minResponseTime": {
        "total": 40,
        "ok": 40,
        "ko": 0
    },
    "maxResponseTime": {
        "total": 1508,
        "ok": 1508,
        "ko": 0
    },
    "meanResponseTime": {
        "total": 162,
        "ok": 162,
        "ko": 0
    },
    "standardDeviation": {
        "total": 184,
        "ok": 184,
        "ko": 0
    },
    "percentiles1": {
        "total": 90,
        "ok": 90,
        "ko": 0
    },
    "percentiles2": {
        "total": 213,
        "ok": 213,
        "ko": 0
    },
    "percentiles3": {
        "total": 443,
        "ok": 443,
        "ko": 0
    },
    "percentiles4": {
        "total": 501,
        "ok": 501,
        "ko": 0
    },
    "group1": {
    "name": "t < 800 ms",
    "count": 99,
    "percentage": 99
},
    "group2": {
    "name": "800 ms < t < 1200 ms",
    "count": 0,
    "percentage": 0
},
    "group3": {
    "name": "t > 1200 ms",
    "count": 1,
    "percentage": 1
},
    "group4": {
    "name": "failed",
    "count": 0,
    "percentage": 0
},
    "meanNumberOfRequestsPerSecond": {
        "total": 0.9174311926605505,
        "ok": 0.9174311926605505,
        "ko": 0
    }
}
    },"req_request-17-cd6a2": {
        "type": "REQUEST",
        "name": "request_17",
"path": "request_17",
"pathFormatted": "req_request-17-cd6a2",
"stats": {
    "name": "request_17",
    "numberOfRequests": {
        "total": 100,
        "ok": 100,
        "ko": 0
    },
    "minResponseTime": {
        "total": 17,
        "ok": 17,
        "ko": 0
    },
    "maxResponseTime": {
        "total": 46,
        "ok": 46,
        "ko": 0
    },
    "meanResponseTime": {
        "total": 20,
        "ok": 20,
        "ko": 0
    },
    "standardDeviation": {
        "total": 4,
        "ok": 4,
        "ko": 0
    },
    "percentiles1": {
        "total": 19,
        "ok": 19,
        "ko": 0
    },
    "percentiles2": {
        "total": 20,
        "ok": 20,
        "ko": 0
    },
    "percentiles3": {
        "total": 25,
        "ok": 25,
        "ko": 0
    },
    "percentiles4": {
        "total": 30,
        "ok": 30,
        "ko": 0
    },
    "group1": {
    "name": "t < 800 ms",
    "count": 100,
    "percentage": 100
},
    "group2": {
    "name": "800 ms < t < 1200 ms",
    "count": 0,
    "percentage": 0
},
    "group3": {
    "name": "t > 1200 ms",
    "count": 0,
    "percentage": 0
},
    "group4": {
    "name": "failed",
    "count": 0,
    "percentage": 0
},
    "meanNumberOfRequestsPerSecond": {
        "total": 0.9174311926605505,
        "ok": 0.9174311926605505,
        "ko": 0
    }
}
    },"req_request-18-f5b64": {
        "type": "REQUEST",
        "name": "request_18",
"path": "request_18",
"pathFormatted": "req_request-18-f5b64",
"stats": {
    "name": "request_18",
    "numberOfRequests": {
        "total": 100,
        "ok": 100,
        "ko": 0
    },
    "minResponseTime": {
        "total": 17,
        "ok": 17,
        "ko": 0
    },
    "maxResponseTime": {
        "total": 46,
        "ok": 46,
        "ko": 0
    },
    "meanResponseTime": {
        "total": 20,
        "ok": 20,
        "ko": 0
    },
    "standardDeviation": {
        "total": 4,
        "ok": 4,
        "ko": 0
    },
    "percentiles1": {
        "total": 19,
        "ok": 19,
        "ko": 0
    },
    "percentiles2": {
        "total": 20,
        "ok": 20,
        "ko": 0
    },
    "percentiles3": {
        "total": 25,
        "ok": 25,
        "ko": 0
    },
    "percentiles4": {
        "total": 31,
        "ok": 31,
        "ko": 0
    },
    "group1": {
    "name": "t < 800 ms",
    "count": 100,
    "percentage": 100
},
    "group2": {
    "name": "800 ms < t < 1200 ms",
    "count": 0,
    "percentage": 0
},
    "group3": {
    "name": "t > 1200 ms",
    "count": 0,
    "percentage": 0
},
    "group4": {
    "name": "failed",
    "count": 0,
    "percentage": 0
},
    "meanNumberOfRequestsPerSecond": {
        "total": 0.9174311926605505,
        "ok": 0.9174311926605505,
        "ko": 0
    }
}
    },"req_request-20-6804b": {
        "type": "REQUEST",
        "name": "request_20",
"path": "request_20",
"pathFormatted": "req_request-20-6804b",
"stats": {
    "name": "request_20",
    "numberOfRequests": {
        "total": 100,
        "ok": 100,
        "ko": 0
    },
    "minResponseTime": {
        "total": 40,
        "ok": 40,
        "ko": 0
    },
    "maxResponseTime": {
        "total": 510,
        "ok": 510,
        "ko": 0
    },
    "meanResponseTime": {
        "total": 140,
        "ok": 140,
        "ko": 0
    },
    "standardDeviation": {
        "total": 110,
        "ok": 110,
        "ko": 0
    },
    "percentiles1": {
        "total": 97,
        "ok": 97,
        "ko": 0
    },
    "percentiles2": {
        "total": 195,
        "ok": 195,
        "ko": 0
    },
    "percentiles3": {
        "total": 379,
        "ok": 379,
        "ko": 0
    },
    "percentiles4": {
        "total": 473,
        "ok": 473,
        "ko": 0
    },
    "group1": {
    "name": "t < 800 ms",
    "count": 100,
    "percentage": 100
},
    "group2": {
    "name": "800 ms < t < 1200 ms",
    "count": 0,
    "percentage": 0
},
    "group3": {
    "name": "t > 1200 ms",
    "count": 0,
    "percentage": 0
},
    "group4": {
    "name": "failed",
    "count": 0,
    "percentage": 0
},
    "meanNumberOfRequestsPerSecond": {
        "total": 0.9174311926605505,
        "ok": 0.9174311926605505,
        "ko": 0
    }
}
    },"req_request-22-8ecb1": {
        "type": "REQUEST",
        "name": "request_22",
"path": "request_22",
"pathFormatted": "req_request-22-8ecb1",
"stats": {
    "name": "request_22",
    "numberOfRequests": {
        "total": 100,
        "ok": 100,
        "ko": 0
    },
    "minResponseTime": {
        "total": 75,
        "ok": 75,
        "ko": 0
    },
    "maxResponseTime": {
        "total": 1402,
        "ok": 1402,
        "ko": 0
    },
    "meanResponseTime": {
        "total": 220,
        "ok": 220,
        "ko": 0
    },
    "standardDeviation": {
        "total": 187,
        "ok": 187,
        "ko": 0
    },
    "percentiles1": {
        "total": 145,
        "ok": 145,
        "ko": 0
    },
    "percentiles2": {
        "total": 273,
        "ok": 273,
        "ko": 0
    },
    "percentiles3": {
        "total": 525,
        "ok": 525,
        "ko": 0
    },
    "percentiles4": {
        "total": 695,
        "ok": 695,
        "ko": 0
    },
    "group1": {
    "name": "t < 800 ms",
    "count": 99,
    "percentage": 99
},
    "group2": {
    "name": "800 ms < t < 1200 ms",
    "count": 0,
    "percentage": 0
},
    "group3": {
    "name": "t > 1200 ms",
    "count": 1,
    "percentage": 1
},
    "group4": {
    "name": "failed",
    "count": 0,
    "percentage": 0
},
    "meanNumberOfRequestsPerSecond": {
        "total": 0.9174311926605505,
        "ok": 0.9174311926605505,
        "ko": 0
    }
}
    },"req_request-21-be4cb": {
        "type": "REQUEST",
        "name": "request_21",
"path": "request_21",
"pathFormatted": "req_request-21-be4cb",
"stats": {
    "name": "request_21",
    "numberOfRequests": {
        "total": 100,
        "ok": 100,
        "ko": 0
    },
    "minResponseTime": {
        "total": 46,
        "ok": 46,
        "ko": 0
    },
    "maxResponseTime": {
        "total": 1680,
        "ok": 1680,
        "ko": 0
    },
    "meanResponseTime": {
        "total": 243,
        "ok": 243,
        "ko": 0
    },
    "standardDeviation": {
        "total": 265,
        "ok": 265,
        "ko": 0
    },
    "percentiles1": {
        "total": 149,
        "ok": 149,
        "ko": 0
    },
    "percentiles2": {
        "total": 273,
        "ok": 273,
        "ko": 0
    },
    "percentiles3": {
        "total": 586,
        "ok": 586,
        "ko": 0
    },
    "percentiles4": {
        "total": 1402,
        "ok": 1402,
        "ko": 0
    },
    "group1": {
    "name": "t < 800 ms",
    "count": 97,
    "percentage": 97
},
    "group2": {
    "name": "800 ms < t < 1200 ms",
    "count": 0,
    "percentage": 0
},
    "group3": {
    "name": "t > 1200 ms",
    "count": 3,
    "percentage": 3
},
    "group4": {
    "name": "failed",
    "count": 0,
    "percentage": 0
},
    "meanNumberOfRequestsPerSecond": {
        "total": 0.9174311926605505,
        "ok": 0.9174311926605505,
        "ko": 0
    }
}
    },"req_request-23-98f5d": {
        "type": "REQUEST",
        "name": "request_23",
"path": "request_23",
"pathFormatted": "req_request-23-98f5d",
"stats": {
    "name": "request_23",
    "numberOfRequests": {
        "total": 100,
        "ok": 100,
        "ko": 0
    },
    "minResponseTime": {
        "total": 43,
        "ok": 43,
        "ko": 0
    },
    "maxResponseTime": {
        "total": 559,
        "ok": 559,
        "ko": 0
    },
    "meanResponseTime": {
        "total": 177,
        "ok": 177,
        "ko": 0
    },
    "standardDeviation": {
        "total": 130,
        "ok": 130,
        "ko": 0
    },
    "percentiles1": {
        "total": 137,
        "ok": 137,
        "ko": 0
    },
    "percentiles2": {
        "total": 232,
        "ok": 232,
        "ko": 0
    },
    "percentiles3": {
        "total": 447,
        "ok": 447,
        "ko": 0
    },
    "percentiles4": {
        "total": 544,
        "ok": 544,
        "ko": 0
    },
    "group1": {
    "name": "t < 800 ms",
    "count": 100,
    "percentage": 100
},
    "group2": {
    "name": "800 ms < t < 1200 ms",
    "count": 0,
    "percentage": 0
},
    "group3": {
    "name": "t > 1200 ms",
    "count": 0,
    "percentage": 0
},
    "group4": {
    "name": "failed",
    "count": 0,
    "percentage": 0
},
    "meanNumberOfRequestsPerSecond": {
        "total": 0.9174311926605505,
        "ok": 0.9174311926605505,
        "ko": 0
    }
}
    },"req_request-24-dd0c9": {
        "type": "REQUEST",
        "name": "request_24",
"path": "request_24",
"pathFormatted": "req_request-24-dd0c9",
"stats": {
    "name": "request_24",
    "numberOfRequests": {
        "total": 100,
        "ok": 100,
        "ko": 0
    },
    "minResponseTime": {
        "total": 81,
        "ok": 81,
        "ko": 0
    },
    "maxResponseTime": {
        "total": 1120,
        "ok": 1120,
        "ko": 0
    },
    "meanResponseTime": {
        "total": 216,
        "ok": 216,
        "ko": 0
    },
    "standardDeviation": {
        "total": 166,
        "ok": 166,
        "ko": 0
    },
    "percentiles1": {
        "total": 165,
        "ok": 165,
        "ko": 0
    },
    "percentiles2": {
        "total": 271,
        "ok": 271,
        "ko": 0
    },
    "percentiles3": {
        "total": 558,
        "ok": 558,
        "ko": 0
    },
    "percentiles4": {
        "total": 645,
        "ok": 645,
        "ko": 0
    },
    "group1": {
    "name": "t < 800 ms",
    "count": 99,
    "percentage": 99
},
    "group2": {
    "name": "800 ms < t < 1200 ms",
    "count": 1,
    "percentage": 1
},
    "group3": {
    "name": "t > 1200 ms",
    "count": 0,
    "percentage": 0
},
    "group4": {
    "name": "failed",
    "count": 0,
    "percentage": 0
},
    "meanNumberOfRequestsPerSecond": {
        "total": 0.9174311926605505,
        "ok": 0.9174311926605505,
        "ko": 0
    }
}
    },"req_request-25-20ee6": {
        "type": "REQUEST",
        "name": "request_25",
"path": "request_25",
"pathFormatted": "req_request-25-20ee6",
"stats": {
    "name": "request_25",
    "numberOfRequests": {
        "total": 100,
        "ok": 100,
        "ko": 0
    },
    "minResponseTime": {
        "total": 1,
        "ok": 1,
        "ko": 0
    },
    "maxResponseTime": {
        "total": 33,
        "ok": 33,
        "ko": 0
    },
    "meanResponseTime": {
        "total": 4,
        "ok": 4,
        "ko": 0
    },
    "standardDeviation": {
        "total": 6,
        "ok": 6,
        "ko": 0
    },
    "percentiles1": {
        "total": 2,
        "ok": 2,
        "ko": 0
    },
    "percentiles2": {
        "total": 3,
        "ok": 3,
        "ko": 0
    },
    "percentiles3": {
        "total": 12,
        "ok": 12,
        "ko": 0
    },
    "percentiles4": {
        "total": 30,
        "ok": 30,
        "ko": 0
    },
    "group1": {
    "name": "t < 800 ms",
    "count": 100,
    "percentage": 100
},
    "group2": {
    "name": "800 ms < t < 1200 ms",
    "count": 0,
    "percentage": 0
},
    "group3": {
    "name": "t > 1200 ms",
    "count": 0,
    "percentage": 0
},
    "group4": {
    "name": "failed",
    "count": 0,
    "percentage": 0
},
    "meanNumberOfRequestsPerSecond": {
        "total": 0.9174311926605505,
        "ok": 0.9174311926605505,
        "ko": 0
    }
}
    },"req_request-26-18b3c": {
        "type": "REQUEST",
        "name": "request_26",
"path": "request_26",
"pathFormatted": "req_request-26-18b3c",
"stats": {
    "name": "request_26",
    "numberOfRequests": {
        "total": 100,
        "ok": 100,
        "ko": 0
    },
    "minResponseTime": {
        "total": 1,
        "ok": 1,
        "ko": 0
    },
    "maxResponseTime": {
        "total": 30,
        "ok": 30,
        "ko": 0
    },
    "meanResponseTime": {
        "total": 3,
        "ok": 3,
        "ko": 0
    },
    "standardDeviation": {
        "total": 3,
        "ok": 3,
        "ko": 0
    },
    "percentiles1": {
        "total": 2,
        "ok": 2,
        "ko": 0
    },
    "percentiles2": {
        "total": 3,
        "ok": 3,
        "ko": 0
    },
    "percentiles3": {
        "total": 7,
        "ok": 7,
        "ko": 0
    },
    "percentiles4": {
        "total": 16,
        "ok": 16,
        "ko": 0
    },
    "group1": {
    "name": "t < 800 ms",
    "count": 100,
    "percentage": 100
},
    "group2": {
    "name": "800 ms < t < 1200 ms",
    "count": 0,
    "percentage": 0
},
    "group3": {
    "name": "t > 1200 ms",
    "count": 0,
    "percentage": 0
},
    "group4": {
    "name": "failed",
    "count": 0,
    "percentage": 0
},
    "meanNumberOfRequestsPerSecond": {
        "total": 0.9174311926605505,
        "ok": 0.9174311926605505,
        "ko": 0
    }
}
    },"req_request-27-649b0": {
        "type": "REQUEST",
        "name": "request_27",
"path": "request_27",
"pathFormatted": "req_request-27-649b0",
"stats": {
    "name": "request_27",
    "numberOfRequests": {
        "total": 100,
        "ok": 100,
        "ko": 0
    },
    "minResponseTime": {
        "total": 16,
        "ok": 16,
        "ko": 0
    },
    "maxResponseTime": {
        "total": 60,
        "ok": 60,
        "ko": 0
    },
    "meanResponseTime": {
        "total": 26,
        "ok": 26,
        "ko": 0
    },
    "standardDeviation": {
        "total": 11,
        "ok": 11,
        "ko": 0
    },
    "percentiles1": {
        "total": 21,
        "ok": 21,
        "ko": 0
    },
    "percentiles2": {
        "total": 30,
        "ok": 30,
        "ko": 0
    },
    "percentiles3": {
        "total": 50,
        "ok": 50,
        "ko": 0
    },
    "percentiles4": {
        "total": 58,
        "ok": 58,
        "ko": 0
    },
    "group1": {
    "name": "t < 800 ms",
    "count": 100,
    "percentage": 100
},
    "group2": {
    "name": "800 ms < t < 1200 ms",
    "count": 0,
    "percentage": 0
},
    "group3": {
    "name": "t > 1200 ms",
    "count": 0,
    "percentage": 0
},
    "group4": {
    "name": "failed",
    "count": 0,
    "percentage": 0
},
    "meanNumberOfRequestsPerSecond": {
        "total": 0.9174311926605505,
        "ok": 0.9174311926605505,
        "ko": 0
    }
}
    },"req_request-28-297b8": {
        "type": "REQUEST",
        "name": "request_28",
"path": "request_28",
"pathFormatted": "req_request-28-297b8",
"stats": {
    "name": "request_28",
    "numberOfRequests": {
        "total": 100,
        "ok": 100,
        "ko": 0
    },
    "minResponseTime": {
        "total": 6,
        "ok": 6,
        "ko": 0
    },
    "maxResponseTime": {
        "total": 156,
        "ok": 156,
        "ko": 0
    },
    "meanResponseTime": {
        "total": 41,
        "ok": 41,
        "ko": 0
    },
    "standardDeviation": {
        "total": 32,
        "ok": 32,
        "ko": 0
    },
    "percentiles1": {
        "total": 32,
        "ok": 32,
        "ko": 0
    },
    "percentiles2": {
        "total": 55,
        "ok": 55,
        "ko": 0
    },
    "percentiles3": {
        "total": 107,
        "ok": 107,
        "ko": 0
    },
    "percentiles4": {
        "total": 132,
        "ok": 132,
        "ko": 0
    },
    "group1": {
    "name": "t < 800 ms",
    "count": 100,
    "percentage": 100
},
    "group2": {
    "name": "800 ms < t < 1200 ms",
    "count": 0,
    "percentage": 0
},
    "group3": {
    "name": "t > 1200 ms",
    "count": 0,
    "percentage": 0
},
    "group4": {
    "name": "failed",
    "count": 0,
    "percentage": 0
},
    "meanNumberOfRequestsPerSecond": {
        "total": 0.9174311926605505,
        "ok": 0.9174311926605505,
        "ko": 0
    }
}
    },"req_request-29-6a22e": {
        "type": "REQUEST",
        "name": "request_29",
"path": "request_29",
"pathFormatted": "req_request-29-6a22e",
"stats": {
    "name": "request_29",
    "numberOfRequests": {
        "total": 100,
        "ok": 100,
        "ko": 0
    },
    "minResponseTime": {
        "total": 55,
        "ok": 55,
        "ko": 0
    },
    "maxResponseTime": {
        "total": 1173,
        "ok": 1173,
        "ko": 0
    },
    "meanResponseTime": {
        "total": 168,
        "ok": 168,
        "ko": 0
    },
    "standardDeviation": {
        "total": 179,
        "ok": 179,
        "ko": 0
    },
    "percentiles1": {
        "total": 94,
        "ok": 94,
        "ko": 0
    },
    "percentiles2": {
        "total": 194,
        "ok": 194,
        "ko": 0
    },
    "percentiles3": {
        "total": 442,
        "ok": 442,
        "ko": 0
    },
    "percentiles4": {
        "total": 1104,
        "ok": 1104,
        "ko": 0
    },
    "group1": {
    "name": "t < 800 ms",
    "count": 98,
    "percentage": 98
},
    "group2": {
    "name": "800 ms < t < 1200 ms",
    "count": 2,
    "percentage": 2
},
    "group3": {
    "name": "t > 1200 ms",
    "count": 0,
    "percentage": 0
},
    "group4": {
    "name": "failed",
    "count": 0,
    "percentage": 0
},
    "meanNumberOfRequestsPerSecond": {
        "total": 0.9174311926605505,
        "ok": 0.9174311926605505,
        "ko": 0
    }
}
    },"req_request-30-b7b42": {
        "type": "REQUEST",
        "name": "request_30",
"path": "request_30",
"pathFormatted": "req_request-30-b7b42",
"stats": {
    "name": "request_30",
    "numberOfRequests": {
        "total": 100,
        "ok": 100,
        "ko": 0
    },
    "minResponseTime": {
        "total": 41,
        "ok": 41,
        "ko": 0
    },
    "maxResponseTime": {
        "total": 462,
        "ok": 462,
        "ko": 0
    },
    "meanResponseTime": {
        "total": 129,
        "ok": 129,
        "ko": 0
    },
    "standardDeviation": {
        "total": 90,
        "ok": 90,
        "ko": 0
    },
    "percentiles1": {
        "total": 96,
        "ok": 96,
        "ko": 0
    },
    "percentiles2": {
        "total": 151,
        "ok": 151,
        "ko": 0
    },
    "percentiles3": {
        "total": 341,
        "ok": 341,
        "ko": 0
    },
    "percentiles4": {
        "total": 399,
        "ok": 399,
        "ko": 0
    },
    "group1": {
    "name": "t < 800 ms",
    "count": 100,
    "percentage": 100
},
    "group2": {
    "name": "800 ms < t < 1200 ms",
    "count": 0,
    "percentage": 0
},
    "group3": {
    "name": "t > 1200 ms",
    "count": 0,
    "percentage": 0
},
    "group4": {
    "name": "failed",
    "count": 0,
    "percentage": 0
},
    "meanNumberOfRequestsPerSecond": {
        "total": 0.9174311926605505,
        "ok": 0.9174311926605505,
        "ko": 0
    }
}
    },"req_request-32-84a21": {
        "type": "REQUEST",
        "name": "request_32",
"path": "request_32",
"pathFormatted": "req_request-32-84a21",
"stats": {
    "name": "request_32",
    "numberOfRequests": {
        "total": 100,
        "ok": 100,
        "ko": 0
    },
    "minResponseTime": {
        "total": 106,
        "ok": 106,
        "ko": 0
    },
    "maxResponseTime": {
        "total": 1617,
        "ok": 1617,
        "ko": 0
    },
    "meanResponseTime": {
        "total": 261,
        "ok": 261,
        "ko": 0
    },
    "standardDeviation": {
        "total": 281,
        "ok": 281,
        "ko": 0
    },
    "percentiles1": {
        "total": 175,
        "ok": 175,
        "ko": 0
    },
    "percentiles2": {
        "total": 253,
        "ok": 253,
        "ko": 0
    },
    "percentiles3": {
        "total": 578,
        "ok": 578,
        "ko": 0
    },
    "percentiles4": {
        "total": 1419,
        "ok": 1419,
        "ko": 0
    },
    "group1": {
    "name": "t < 800 ms",
    "count": 95,
    "percentage": 95
},
    "group2": {
    "name": "800 ms < t < 1200 ms",
    "count": 0,
    "percentage": 0
},
    "group3": {
    "name": "t > 1200 ms",
    "count": 5,
    "percentage": 5
},
    "group4": {
    "name": "failed",
    "count": 0,
    "percentage": 0
},
    "meanNumberOfRequestsPerSecond": {
        "total": 0.9174311926605505,
        "ok": 0.9174311926605505,
        "ko": 0
    }
}
    },"req_request-31-261d3": {
        "type": "REQUEST",
        "name": "request_31",
"path": "request_31",
"pathFormatted": "req_request-31-261d3",
"stats": {
    "name": "request_31",
    "numberOfRequests": {
        "total": 100,
        "ok": 100,
        "ko": 0
    },
    "minResponseTime": {
        "total": 108,
        "ok": 108,
        "ko": 0
    },
    "maxResponseTime": {
        "total": 3417,
        "ok": 3417,
        "ko": 0
    },
    "meanResponseTime": {
        "total": 314,
        "ok": 314,
        "ko": 0
    },
    "standardDeviation": {
        "total": 494,
        "ok": 494,
        "ko": 0
    },
    "percentiles1": {
        "total": 178,
        "ok": 178,
        "ko": 0
    },
    "percentiles2": {
        "total": 274,
        "ok": 274,
        "ko": 0
    },
    "percentiles3": {
        "total": 1162,
        "ok": 1162,
        "ko": 0
    },
    "percentiles4": {
        "total": 3275,
        "ok": 3275,
        "ko": 0
    },
    "group1": {
    "name": "t < 800 ms",
    "count": 94,
    "percentage": 94
},
    "group2": {
    "name": "800 ms < t < 1200 ms",
    "count": 1,
    "percentage": 1
},
    "group3": {
    "name": "t > 1200 ms",
    "count": 5,
    "percentage": 5
},
    "group4": {
    "name": "failed",
    "count": 0,
    "percentage": 0
},
    "meanNumberOfRequestsPerSecond": {
        "total": 0.9174311926605505,
        "ok": 0.9174311926605505,
        "ko": 0
    }
}
    },"req_request-33-6bb92": {
        "type": "REQUEST",
        "name": "request_33",
"path": "request_33",
"pathFormatted": "req_request-33-6bb92",
"stats": {
    "name": "request_33",
    "numberOfRequests": {
        "total": 100,
        "ok": 100,
        "ko": 0
    },
    "minResponseTime": {
        "total": 9,
        "ok": 9,
        "ko": 0
    },
    "maxResponseTime": {
        "total": 142,
        "ok": 142,
        "ko": 0
    },
    "meanResponseTime": {
        "total": 29,
        "ok": 29,
        "ko": 0
    },
    "standardDeviation": {
        "total": 28,
        "ok": 28,
        "ko": 0
    },
    "percentiles1": {
        "total": 17,
        "ok": 17,
        "ko": 0
    },
    "percentiles2": {
        "total": 37,
        "ok": 37,
        "ko": 0
    },
    "percentiles3": {
        "total": 93,
        "ok": 93,
        "ko": 0
    },
    "percentiles4": {
        "total": 136,
        "ok": 136,
        "ko": 0
    },
    "group1": {
    "name": "t < 800 ms",
    "count": 100,
    "percentage": 100
},
    "group2": {
    "name": "800 ms < t < 1200 ms",
    "count": 0,
    "percentage": 0
},
    "group3": {
    "name": "t > 1200 ms",
    "count": 0,
    "percentage": 0
},
    "group4": {
    "name": "failed",
    "count": 0,
    "percentage": 0
},
    "meanNumberOfRequestsPerSecond": {
        "total": 0.9174311926605505,
        "ok": 0.9174311926605505,
        "ko": 0
    }
}
    },"req_request-34-d9757": {
        "type": "REQUEST",
        "name": "request_34",
"path": "request_34",
"pathFormatted": "req_request-34-d9757",
"stats": {
    "name": "request_34",
    "numberOfRequests": {
        "total": 100,
        "ok": 100,
        "ko": 0
    },
    "minResponseTime": {
        "total": 105,
        "ok": 105,
        "ko": 0
    },
    "maxResponseTime": {
        "total": 1250,
        "ok": 1250,
        "ko": 0
    },
    "meanResponseTime": {
        "total": 225,
        "ok": 225,
        "ko": 0
    },
    "standardDeviation": {
        "total": 154,
        "ok": 154,
        "ko": 0
    },
    "percentiles1": {
        "total": 175,
        "ok": 175,
        "ko": 0
    },
    "percentiles2": {
        "total": 261,
        "ok": 261,
        "ko": 0
    },
    "percentiles3": {
        "total": 469,
        "ok": 469,
        "ko": 0
    },
    "percentiles4": {
        "total": 637,
        "ok": 637,
        "ko": 0
    },
    "group1": {
    "name": "t < 800 ms",
    "count": 99,
    "percentage": 99
},
    "group2": {
    "name": "800 ms < t < 1200 ms",
    "count": 0,
    "percentage": 0
},
    "group3": {
    "name": "t > 1200 ms",
    "count": 1,
    "percentage": 1
},
    "group4": {
    "name": "failed",
    "count": 0,
    "percentage": 0
},
    "meanNumberOfRequestsPerSecond": {
        "total": 0.9174311926605505,
        "ok": 0.9174311926605505,
        "ko": 0
    }
}
    }
}

}