{
    "name": "Global Information",
    "numberOfRequests": {
        "total": 520,
        "ok": 518,
        "ko": 2
    },
    "minResponseTime": {
        "total": 2,
        "ok": 2,
        "ko": 60000
    },
    "maxResponseTime": {
        "total": 60001,
        "ok": 31737,
        "ko": 60001
    },
    "meanResponseTime": {
        "total": 467,
        "ok": 237,
        "ko": 60001
    },
    "standardDeviation": {
        "total": 4033,
        "ok": 1609,
        "ko": 1
    },
    "percentiles1": {
        "total": 50,
        "ok": 50,
        "ko": 60001
    },
    "percentiles2": {
        "total": 137,
        "ok": 136,
        "ko": 60001
    },
    "percentiles3": {
        "total": 297,
        "ok": 293,
        "ko": 60001
    },
    "percentiles4": {
        "total": 3361,
        "ok": 1694,
        "ko": 60001
    },
    "group1": {
    "name": "t < 800 ms",
    "count": 499,
    "percentage": 96
},
    "group2": {
    "name": "800 ms < t < 1200 ms",
    "count": 2,
    "percentage": 0
},
    "group3": {
    "name": "t > 1200 ms",
    "count": 17,
    "percentage": 3
},
    "group4": {
    "name": "failed",
    "count": 2,
    "percentage": 0
},
    "meanNumberOfRequestsPerSecond": {
        "total": 4.642857142857143,
        "ok": 4.625,
        "ko": 0.017857142857142856
    }
}