{
  "type": "GROUP",
"name": "Global Information",
"path": "",
"pathFormatted": "group_missing-name-b06d1",
"stats": {
    "name": "Global Information",
    "numberOfRequests": {
        "total": 520,
        "ok": 518,
        "ko": 2
    },
    "minResponseTime": {
        "total": 2,
        "ok": 2,
        "ko": 60000
    },
    "maxResponseTime": {
        "total": 60001,
        "ok": 31737,
        "ko": 60001
    },
    "meanResponseTime": {
        "total": 467,
        "ok": 237,
        "ko": 60001
    },
    "standardDeviation": {
        "total": 4033,
        "ok": 1609,
        "ko": 1
    },
    "percentiles1": {
        "total": 50,
        "ok": 50,
        "ko": 60001
    },
    "percentiles2": {
        "total": 137,
        "ok": 136,
        "ko": 60001
    },
    "percentiles3": {
        "total": 297,
        "ok": 293,
        "ko": 60001
    },
    "percentiles4": {
        "total": 3361,
        "ok": 1694,
        "ko": 60001
    },
    "group1": {
    "name": "t < 800 ms",
    "count": 499,
    "percentage": 96
},
    "group2": {
    "name": "800 ms < t < 1200 ms",
    "count": 2,
    "percentage": 0
},
    "group3": {
    "name": "t > 1200 ms",
    "count": 17,
    "percentage": 3
},
    "group4": {
    "name": "failed",
    "count": 2,
    "percentage": 0
},
    "meanNumberOfRequestsPerSecond": {
        "total": 4.642857142857143,
        "ok": 4.625,
        "ko": 0.017857142857142856
    }
},
"contents": {
"req_request-0-684d2": {
        "type": "REQUEST",
        "name": "request_0",
"path": "request_0",
"pathFormatted": "req_request-0-684d2",
"stats": {
    "name": "request_0",
    "numberOfRequests": {
        "total": 10,
        "ok": 10,
        "ko": 0
    },
    "minResponseTime": {
        "total": 51,
        "ok": 51,
        "ko": 0
    },
    "maxResponseTime": {
        "total": 61,
        "ok": 61,
        "ko": 0
    },
    "meanResponseTime": {
        "total": 56,
        "ok": 56,
        "ko": 0
    },
    "standardDeviation": {
        "total": 4,
        "ok": 4,
        "ko": 0
    },
    "percentiles1": {
        "total": 55,
        "ok": 55,
        "ko": 0
    },
    "percentiles2": {
        "total": 60,
        "ok": 60,
        "ko": 0
    },
    "percentiles3": {
        "total": 61,
        "ok": 61,
        "ko": 0
    },
    "percentiles4": {
        "total": 61,
        "ok": 61,
        "ko": 0
    },
    "group1": {
    "name": "t < 800 ms",
    "count": 10,
    "percentage": 100
},
    "group2": {
    "name": "800 ms < t < 1200 ms",
    "count": 0,
    "percentage": 0
},
    "group3": {
    "name": "t > 1200 ms",
    "count": 0,
    "percentage": 0
},
    "group4": {
    "name": "failed",
    "count": 0,
    "percentage": 0
},
    "meanNumberOfRequestsPerSecond": {
        "total": 0.08928571428571429,
        "ok": 0.08928571428571429,
        "ko": 0
    }
}
    },"req_leaflet-css-a4c98": {
        "type": "REQUEST",
        "name": "leaflet.css",
"path": "leaflet.css",
"pathFormatted": "req_leaflet-css-a4c98",
"stats": {
    "name": "leaflet.css",
    "numberOfRequests": {
        "total": 10,
        "ok": 10,
        "ko": 0
    },
    "minResponseTime": {
        "total": 115,
        "ok": 115,
        "ko": 0
    },
    "maxResponseTime": {
        "total": 125,
        "ok": 125,
        "ko": 0
    },
    "meanResponseTime": {
        "total": 119,
        "ok": 119,
        "ko": 0
    },
    "standardDeviation": {
        "total": 4,
        "ok": 4,
        "ko": 0
    },
    "percentiles1": {
        "total": 119,
        "ok": 119,
        "ko": 0
    },
    "percentiles2": {
        "total": 121,
        "ok": 121,
        "ko": 0
    },
    "percentiles3": {
        "total": 125,
        "ok": 125,
        "ko": 0
    },
    "percentiles4": {
        "total": 125,
        "ok": 125,
        "ko": 0
    },
    "group1": {
    "name": "t < 800 ms",
    "count": 10,
    "percentage": 100
},
    "group2": {
    "name": "800 ms < t < 1200 ms",
    "count": 0,
    "percentage": 0
},
    "group3": {
    "name": "t > 1200 ms",
    "count": 0,
    "percentage": 0
},
    "group4": {
    "name": "failed",
    "count": 0,
    "percentage": 0
},
    "meanNumberOfRequestsPerSecond": {
        "total": 0.08928571428571429,
        "ok": 0.08928571428571429,
        "ko": 0
    }
}
    },"req_favicon-ico-8af3a": {
        "type": "REQUEST",
        "name": "favicon.ico",
"path": "favicon.ico",
"pathFormatted": "req_favicon-ico-8af3a",
"stats": {
    "name": "favicon.ico",
    "numberOfRequests": {
        "total": 30,
        "ok": 30,
        "ko": 0
    },
    "minResponseTime": {
        "total": 2,
        "ok": 2,
        "ko": 0
    },
    "maxResponseTime": {
        "total": 297,
        "ok": 297,
        "ko": 0
    },
    "meanResponseTime": {
        "total": 100,
        "ok": 100,
        "ko": 0
    },
    "standardDeviation": {
        "total": 134,
        "ok": 134,
        "ko": 0
    },
    "percentiles1": {
        "total": 9,
        "ok": 9,
        "ko": 0
    },
    "percentiles2": {
        "total": 286,
        "ok": 286,
        "ko": 0
    },
    "percentiles3": {
        "total": 295,
        "ok": 295,
        "ko": 0
    },
    "percentiles4": {
        "total": 297,
        "ok": 297,
        "ko": 0
    },
    "group1": {
    "name": "t < 800 ms",
    "count": 30,
    "percentage": 100
},
    "group2": {
    "name": "800 ms < t < 1200 ms",
    "count": 0,
    "percentage": 0
},
    "group3": {
    "name": "t > 1200 ms",
    "count": 0,
    "percentage": 0
},
    "group4": {
    "name": "failed",
    "count": 0,
    "percentage": 0
},
    "meanNumberOfRequestsPerSecond": {
        "total": 0.26785714285714285,
        "ok": 0.26785714285714285,
        "ko": 0
    }
}
    },"req_bundle-js-0b837": {
        "type": "REQUEST",
        "name": "bundle.js",
"path": "bundle.js",
"pathFormatted": "req_bundle-js-0b837",
"stats": {
    "name": "bundle.js",
    "numberOfRequests": {
        "total": 30,
        "ok": 30,
        "ko": 0
    },
    "minResponseTime": {
        "total": 3,
        "ok": 3,
        "ko": 0
    },
    "maxResponseTime": {
        "total": 284,
        "ok": 284,
        "ko": 0
    },
    "meanResponseTime": {
        "total": 91,
        "ok": 91,
        "ko": 0
    },
    "standardDeviation": {
        "total": 120,
        "ok": 120,
        "ko": 0
    },
    "percentiles1": {
        "total": 10,
        "ok": 10,
        "ko": 0
    },
    "percentiles2": {
        "total": 256,
        "ok": 256,
        "ko": 0
    },
    "percentiles3": {
        "total": 278,
        "ok": 278,
        "ko": 0
    },
    "percentiles4": {
        "total": 283,
        "ok": 283,
        "ko": 0
    },
    "group1": {
    "name": "t < 800 ms",
    "count": 30,
    "percentage": 100
},
    "group2": {
    "name": "800 ms < t < 1200 ms",
    "count": 0,
    "percentage": 0
},
    "group3": {
    "name": "t > 1200 ms",
    "count": 0,
    "percentage": 0
},
    "group4": {
    "name": "failed",
    "count": 0,
    "percentage": 0
},
    "meanNumberOfRequestsPerSecond": {
        "total": 0.26785714285714285,
        "ok": 0.26785714285714285,
        "ko": 0
    }
}
    },"req_0-chunk-js-ddd34": {
        "type": "REQUEST",
        "name": "0.chunk.js",
"path": "0.chunk.js",
"pathFormatted": "req_0-chunk-js-ddd34",
"stats": {
    "name": "0.chunk.js",
    "numberOfRequests": {
        "total": 30,
        "ok": 30,
        "ko": 0
    },
    "minResponseTime": {
        "total": 16,
        "ok": 16,
        "ko": 0
    },
    "maxResponseTime": {
        "total": 1540,
        "ok": 1540,
        "ko": 0
    },
    "meanResponseTime": {
        "total": 533,
        "ok": 533,
        "ko": 0
    },
    "standardDeviation": {
        "total": 708,
        "ok": 708,
        "ko": 0
    },
    "percentiles1": {
        "total": 45,
        "ok": 45,
        "ko": 0
    },
    "percentiles2": {
        "total": 1531,
        "ok": 1531,
        "ko": 0
    },
    "percentiles3": {
        "total": 1538,
        "ok": 1538,
        "ko": 0
    },
    "percentiles4": {
        "total": 1540,
        "ok": 1540,
        "ko": 0
    },
    "group1": {
    "name": "t < 800 ms",
    "count": 20,
    "percentage": 67
},
    "group2": {
    "name": "800 ms < t < 1200 ms",
    "count": 0,
    "percentage": 0
},
    "group3": {
    "name": "t > 1200 ms",
    "count": 10,
    "percentage": 33
},
    "group4": {
    "name": "failed",
    "count": 0,
    "percentage": 0
},
    "meanNumberOfRequestsPerSecond": {
        "total": 0.26785714285714285,
        "ok": 0.26785714285714285,
        "ko": 0
    }
}
    },"req_main-chunk-js-7361f": {
        "type": "REQUEST",
        "name": "main.chunk.js",
"path": "main.chunk.js",
"pathFormatted": "req_main-chunk-js-7361f",
"stats": {
    "name": "main.chunk.js",
    "numberOfRequests": {
        "total": 30,
        "ok": 30,
        "ko": 0
    },
    "minResponseTime": {
        "total": 17,
        "ok": 17,
        "ko": 0
    },
    "maxResponseTime": {
        "total": 300,
        "ok": 300,
        "ko": 0
    },
    "meanResponseTime": {
        "total": 119,
        "ok": 119,
        "ko": 0
    },
    "standardDeviation": {
        "total": 122,
        "ok": 122,
        "ko": 0
    },
    "percentiles1": {
        "total": 45,
        "ok": 45,
        "ko": 0
    },
    "percentiles2": {
        "total": 287,
        "ok": 287,
        "ko": 0
    },
    "percentiles3": {
        "total": 298,
        "ok": 298,
        "ko": 0
    },
    "percentiles4": {
        "total": 300,
        "ok": 300,
        "ko": 0
    },
    "group1": {
    "name": "t < 800 ms",
    "count": 30,
    "percentage": 100
},
    "group2": {
    "name": "800 ms < t < 1200 ms",
    "count": 0,
    "percentage": 0
},
    "group3": {
    "name": "t > 1200 ms",
    "count": 0,
    "percentage": 0
},
    "group4": {
    "name": "failed",
    "count": 0,
    "percentage": 0
},
    "meanNumberOfRequestsPerSecond": {
        "total": 0.26785714285714285,
        "ok": 0.26785714285714285,
        "ko": 0
    }
}
    },"req_request-1-46da4": {
        "type": "REQUEST",
        "name": "request_1",
"path": "request_1",
"pathFormatted": "req_request-1-46da4",
"stats": {
    "name": "request_1",
    "numberOfRequests": {
        "total": 10,
        "ok": 10,
        "ko": 0
    },
    "minResponseTime": {
        "total": 25,
        "ok": 25,
        "ko": 0
    },
    "maxResponseTime": {
        "total": 32,
        "ok": 32,
        "ko": 0
    },
    "meanResponseTime": {
        "total": 27,
        "ok": 27,
        "ko": 0
    },
    "standardDeviation": {
        "total": 2,
        "ok": 2,
        "ko": 0
    },
    "percentiles1": {
        "total": 27,
        "ok": 27,
        "ko": 0
    },
    "percentiles2": {
        "total": 29,
        "ok": 29,
        "ko": 0
    },
    "percentiles3": {
        "total": 31,
        "ok": 31,
        "ko": 0
    },
    "percentiles4": {
        "total": 32,
        "ok": 32,
        "ko": 0
    },
    "group1": {
    "name": "t < 800 ms",
    "count": 10,
    "percentage": 100
},
    "group2": {
    "name": "800 ms < t < 1200 ms",
    "count": 0,
    "percentage": 0
},
    "group3": {
    "name": "t > 1200 ms",
    "count": 0,
    "percentage": 0
},
    "group4": {
    "name": "failed",
    "count": 0,
    "percentage": 0
},
    "meanNumberOfRequestsPerSecond": {
        "total": 0.08928571428571429,
        "ok": 0.08928571428571429,
        "ko": 0
    }
}
    },"req_request-2-93baf": {
        "type": "REQUEST",
        "name": "request_2",
"path": "request_2",
"pathFormatted": "req_request-2-93baf",
"stats": {
    "name": "request_2",
    "numberOfRequests": {
        "total": 10,
        "ok": 10,
        "ko": 0
    },
    "minResponseTime": {
        "total": 17,
        "ok": 17,
        "ko": 0
    },
    "maxResponseTime": {
        "total": 21,
        "ok": 21,
        "ko": 0
    },
    "meanResponseTime": {
        "total": 19,
        "ok": 19,
        "ko": 0
    },
    "standardDeviation": {
        "total": 1,
        "ok": 1,
        "ko": 0
    },
    "percentiles1": {
        "total": 19,
        "ok": 19,
        "ko": 0
    },
    "percentiles2": {
        "total": 19,
        "ok": 19,
        "ko": 0
    },
    "percentiles3": {
        "total": 21,
        "ok": 21,
        "ko": 0
    },
    "percentiles4": {
        "total": 21,
        "ok": 21,
        "ko": 0
    },
    "group1": {
    "name": "t < 800 ms",
    "count": 10,
    "percentage": 100
},
    "group2": {
    "name": "800 ms < t < 1200 ms",
    "count": 0,
    "percentage": 0
},
    "group3": {
    "name": "t > 1200 ms",
    "count": 0,
    "percentage": 0
},
    "group4": {
    "name": "failed",
    "count": 0,
    "percentage": 0
},
    "meanNumberOfRequestsPerSecond": {
        "total": 0.08928571428571429,
        "ok": 0.08928571428571429,
        "ko": 0
    }
}
    },"req_request-5-48829": {
        "type": "REQUEST",
        "name": "request_5",
"path": "request_5",
"pathFormatted": "req_request-5-48829",
"stats": {
    "name": "request_5",
    "numberOfRequests": {
        "total": 10,
        "ok": 10,
        "ko": 0
    },
    "minResponseTime": {
        "total": 32,
        "ok": 32,
        "ko": 0
    },
    "maxResponseTime": {
        "total": 35,
        "ok": 35,
        "ko": 0
    },
    "meanResponseTime": {
        "total": 33,
        "ok": 33,
        "ko": 0
    },
    "standardDeviation": {
        "total": 1,
        "ok": 1,
        "ko": 0
    },
    "percentiles1": {
        "total": 33,
        "ok": 33,
        "ko": 0
    },
    "percentiles2": {
        "total": 33,
        "ok": 33,
        "ko": 0
    },
    "percentiles3": {
        "total": 34,
        "ok": 34,
        "ko": 0
    },
    "percentiles4": {
        "total": 35,
        "ok": 35,
        "ko": 0
    },
    "group1": {
    "name": "t < 800 ms",
    "count": 10,
    "percentage": 100
},
    "group2": {
    "name": "800 ms < t < 1200 ms",
    "count": 0,
    "percentage": 0
},
    "group3": {
    "name": "t > 1200 ms",
    "count": 0,
    "percentage": 0
},
    "group4": {
    "name": "failed",
    "count": 0,
    "percentage": 0
},
    "meanNumberOfRequestsPerSecond": {
        "total": 0.08928571428571429,
        "ok": 0.08928571428571429,
        "ko": 0
    }
}
    },"req_request-3-d0973": {
        "type": "REQUEST",
        "name": "request_3",
"path": "request_3",
"pathFormatted": "req_request-3-d0973",
"stats": {
    "name": "request_3",
    "numberOfRequests": {
        "total": 10,
        "ok": 10,
        "ko": 0
    },
    "minResponseTime": {
        "total": 28,
        "ok": 28,
        "ko": 0
    },
    "maxResponseTime": {
        "total": 29,
        "ok": 29,
        "ko": 0
    },
    "meanResponseTime": {
        "total": 29,
        "ok": 29,
        "ko": 0
    },
    "standardDeviation": {
        "total": 0,
        "ok": 0,
        "ko": 0
    },
    "percentiles1": {
        "total": 29,
        "ok": 29,
        "ko": 0
    },
    "percentiles2": {
        "total": 29,
        "ok": 29,
        "ko": 0
    },
    "percentiles3": {
        "total": 29,
        "ok": 29,
        "ko": 0
    },
    "percentiles4": {
        "total": 29,
        "ok": 29,
        "ko": 0
    },
    "group1": {
    "name": "t < 800 ms",
    "count": 10,
    "percentage": 100
},
    "group2": {
    "name": "800 ms < t < 1200 ms",
    "count": 0,
    "percentage": 0
},
    "group3": {
    "name": "t > 1200 ms",
    "count": 0,
    "percentage": 0
},
    "group4": {
    "name": "failed",
    "count": 0,
    "percentage": 0
},
    "meanNumberOfRequestsPerSecond": {
        "total": 0.08928571428571429,
        "ok": 0.08928571428571429,
        "ko": 0
    }
}
    },"req_request-4-e7d1b": {
        "type": "REQUEST",
        "name": "request_4",
"path": "request_4",
"pathFormatted": "req_request-4-e7d1b",
"stats": {
    "name": "request_4",
    "numberOfRequests": {
        "total": 10,
        "ok": 10,
        "ko": 0
    },
    "minResponseTime": {
        "total": 28,
        "ok": 28,
        "ko": 0
    },
    "maxResponseTime": {
        "total": 30,
        "ok": 30,
        "ko": 0
    },
    "meanResponseTime": {
        "total": 29,
        "ok": 29,
        "ko": 0
    },
    "standardDeviation": {
        "total": 1,
        "ok": 1,
        "ko": 0
    },
    "percentiles1": {
        "total": 29,
        "ok": 29,
        "ko": 0
    },
    "percentiles2": {
        "total": 29,
        "ok": 29,
        "ko": 0
    },
    "percentiles3": {
        "total": 30,
        "ok": 30,
        "ko": 0
    },
    "percentiles4": {
        "total": 30,
        "ok": 30,
        "ko": 0
    },
    "group1": {
    "name": "t < 800 ms",
    "count": 10,
    "percentage": 100
},
    "group2": {
    "name": "800 ms < t < 1200 ms",
    "count": 0,
    "percentage": 0
},
    "group3": {
    "name": "t > 1200 ms",
    "count": 0,
    "percentage": 0
},
    "group4": {
    "name": "failed",
    "count": 0,
    "percentage": 0
},
    "meanNumberOfRequestsPerSecond": {
        "total": 0.08928571428571429,
        "ok": 0.08928571428571429,
        "ko": 0
    }
}
    },"req_request-6-027a9": {
        "type": "REQUEST",
        "name": "request_6",
"path": "request_6",
"pathFormatted": "req_request-6-027a9",
"stats": {
    "name": "request_6",
    "numberOfRequests": {
        "total": 10,
        "ok": 10,
        "ko": 0
    },
    "minResponseTime": {
        "total": 7,
        "ok": 7,
        "ko": 0
    },
    "maxResponseTime": {
        "total": 19,
        "ok": 19,
        "ko": 0
    },
    "meanResponseTime": {
        "total": 13,
        "ok": 13,
        "ko": 0
    },
    "standardDeviation": {
        "total": 4,
        "ok": 4,
        "ko": 0
    },
    "percentiles1": {
        "total": 13,
        "ok": 13,
        "ko": 0
    },
    "percentiles2": {
        "total": 16,
        "ok": 16,
        "ko": 0
    },
    "percentiles3": {
        "total": 19,
        "ok": 19,
        "ko": 0
    },
    "percentiles4": {
        "total": 19,
        "ok": 19,
        "ko": 0
    },
    "group1": {
    "name": "t < 800 ms",
    "count": 10,
    "percentage": 100
},
    "group2": {
    "name": "800 ms < t < 1200 ms",
    "count": 0,
    "percentage": 0
},
    "group3": {
    "name": "t > 1200 ms",
    "count": 0,
    "percentage": 0
},
    "group4": {
    "name": "failed",
    "count": 0,
    "percentage": 0
},
    "meanNumberOfRequestsPerSecond": {
        "total": 0.08928571428571429,
        "ok": 0.08928571428571429,
        "ko": 0
    }
}
    },"req_request-7-f222f": {
        "type": "REQUEST",
        "name": "request_7",
"path": "request_7",
"pathFormatted": "req_request-7-f222f",
"stats": {
    "name": "request_7",
    "numberOfRequests": {
        "total": 10,
        "ok": 10,
        "ko": 0
    },
    "minResponseTime": {
        "total": 20,
        "ok": 20,
        "ko": 0
    },
    "maxResponseTime": {
        "total": 30,
        "ok": 30,
        "ko": 0
    },
    "meanResponseTime": {
        "total": 25,
        "ok": 25,
        "ko": 0
    },
    "standardDeviation": {
        "total": 4,
        "ok": 4,
        "ko": 0
    },
    "percentiles1": {
        "total": 25,
        "ok": 25,
        "ko": 0
    },
    "percentiles2": {
        "total": 29,
        "ok": 29,
        "ko": 0
    },
    "percentiles3": {
        "total": 30,
        "ok": 30,
        "ko": 0
    },
    "percentiles4": {
        "total": 30,
        "ok": 30,
        "ko": 0
    },
    "group1": {
    "name": "t < 800 ms",
    "count": 10,
    "percentage": 100
},
    "group2": {
    "name": "800 ms < t < 1200 ms",
    "count": 0,
    "percentage": 0
},
    "group3": {
    "name": "t > 1200 ms",
    "count": 0,
    "percentage": 0
},
    "group4": {
    "name": "failed",
    "count": 0,
    "percentage": 0
},
    "meanNumberOfRequestsPerSecond": {
        "total": 0.08928571428571429,
        "ok": 0.08928571428571429,
        "ko": 0
    }
}
    },"req_request-8-ef0c8": {
        "type": "REQUEST",
        "name": "request_8",
"path": "request_8",
"pathFormatted": "req_request-8-ef0c8",
"stats": {
    "name": "request_8",
    "numberOfRequests": {
        "total": 10,
        "ok": 10,
        "ko": 0
    },
    "minResponseTime": {
        "total": 20,
        "ok": 20,
        "ko": 0
    },
    "maxResponseTime": {
        "total": 31,
        "ok": 31,
        "ko": 0
    },
    "meanResponseTime": {
        "total": 26,
        "ok": 26,
        "ko": 0
    },
    "standardDeviation": {
        "total": 4,
        "ok": 4,
        "ko": 0
    },
    "percentiles1": {
        "total": 26,
        "ok": 26,
        "ko": 0
    },
    "percentiles2": {
        "total": 29,
        "ok": 29,
        "ko": 0
    },
    "percentiles3": {
        "total": 30,
        "ok": 30,
        "ko": 0
    },
    "percentiles4": {
        "total": 31,
        "ok": 31,
        "ko": 0
    },
    "group1": {
    "name": "t < 800 ms",
    "count": 10,
    "percentage": 100
},
    "group2": {
    "name": "800 ms < t < 1200 ms",
    "count": 0,
    "percentage": 0
},
    "group3": {
    "name": "t > 1200 ms",
    "count": 0,
    "percentage": 0
},
    "group4": {
    "name": "failed",
    "count": 0,
    "percentage": 0
},
    "meanNumberOfRequestsPerSecond": {
        "total": 0.08928571428571429,
        "ok": 0.08928571428571429,
        "ko": 0
    }
}
    },"req_request-9-d127e": {
        "type": "REQUEST",
        "name": "request_9",
"path": "request_9",
"pathFormatted": "req_request-9-d127e",
"stats": {
    "name": "request_9",
    "numberOfRequests": {
        "total": 10,
        "ok": 10,
        "ko": 0
    },
    "minResponseTime": {
        "total": 45,
        "ok": 45,
        "ko": 0
    },
    "maxResponseTime": {
        "total": 79,
        "ok": 79,
        "ko": 0
    },
    "meanResponseTime": {
        "total": 56,
        "ok": 56,
        "ko": 0
    },
    "standardDeviation": {
        "total": 10,
        "ok": 10,
        "ko": 0
    },
    "percentiles1": {
        "total": 51,
        "ok": 51,
        "ko": 0
    },
    "percentiles2": {
        "total": 62,
        "ok": 62,
        "ko": 0
    },
    "percentiles3": {
        "total": 72,
        "ok": 72,
        "ko": 0
    },
    "percentiles4": {
        "total": 78,
        "ok": 78,
        "ko": 0
    },
    "group1": {
    "name": "t < 800 ms",
    "count": 10,
    "percentage": 100
},
    "group2": {
    "name": "800 ms < t < 1200 ms",
    "count": 0,
    "percentage": 0
},
    "group3": {
    "name": "t > 1200 ms",
    "count": 0,
    "percentage": 0
},
    "group4": {
    "name": "failed",
    "count": 0,
    "percentage": 0
},
    "meanNumberOfRequestsPerSecond": {
        "total": 0.08928571428571429,
        "ok": 0.08928571428571429,
        "ko": 0
    }
}
    },"req_request-10-1cfbe": {
        "type": "REQUEST",
        "name": "request_10",
"path": "request_10",
"pathFormatted": "req_request-10-1cfbe",
"stats": {
    "name": "request_10",
    "numberOfRequests": {
        "total": 10,
        "ok": 10,
        "ko": 0
    },
    "minResponseTime": {
        "total": 19,
        "ok": 19,
        "ko": 0
    },
    "maxResponseTime": {
        "total": 98,
        "ok": 98,
        "ko": 0
    },
    "meanResponseTime": {
        "total": 40,
        "ok": 40,
        "ko": 0
    },
    "standardDeviation": {
        "total": 20,
        "ok": 20,
        "ko": 0
    },
    "percentiles1": {
        "total": 35,
        "ok": 35,
        "ko": 0
    },
    "percentiles2": {
        "total": 39,
        "ok": 39,
        "ko": 0
    },
    "percentiles3": {
        "total": 71,
        "ok": 71,
        "ko": 0
    },
    "percentiles4": {
        "total": 93,
        "ok": 93,
        "ko": 0
    },
    "group1": {
    "name": "t < 800 ms",
    "count": 10,
    "percentage": 100
},
    "group2": {
    "name": "800 ms < t < 1200 ms",
    "count": 0,
    "percentage": 0
},
    "group3": {
    "name": "t > 1200 ms",
    "count": 0,
    "percentage": 0
},
    "group4": {
    "name": "failed",
    "count": 0,
    "percentage": 0
},
    "meanNumberOfRequestsPerSecond": {
        "total": 0.08928571428571429,
        "ok": 0.08928571428571429,
        "ko": 0
    }
}
    },"req_request-11-f11e8": {
        "type": "REQUEST",
        "name": "request_11",
"path": "request_11",
"pathFormatted": "req_request-11-f11e8",
"stats": {
    "name": "request_11",
    "numberOfRequests": {
        "total": 10,
        "ok": 10,
        "ko": 0
    },
    "minResponseTime": {
        "total": 174,
        "ok": 174,
        "ko": 0
    },
    "maxResponseTime": {
        "total": 212,
        "ok": 212,
        "ko": 0
    },
    "meanResponseTime": {
        "total": 188,
        "ok": 188,
        "ko": 0
    },
    "standardDeviation": {
        "total": 10,
        "ok": 10,
        "ko": 0
    },
    "percentiles1": {
        "total": 188,
        "ok": 188,
        "ko": 0
    },
    "percentiles2": {
        "total": 192,
        "ok": 192,
        "ko": 0
    },
    "percentiles3": {
        "total": 204,
        "ok": 204,
        "ko": 0
    },
    "percentiles4": {
        "total": 210,
        "ok": 210,
        "ko": 0
    },
    "group1": {
    "name": "t < 800 ms",
    "count": 10,
    "percentage": 100
},
    "group2": {
    "name": "800 ms < t < 1200 ms",
    "count": 0,
    "percentage": 0
},
    "group3": {
    "name": "t > 1200 ms",
    "count": 0,
    "percentage": 0
},
    "group4": {
    "name": "failed",
    "count": 0,
    "percentage": 0
},
    "meanNumberOfRequestsPerSecond": {
        "total": 0.08928571428571429,
        "ok": 0.08928571428571429,
        "ko": 0
    }
}
    },"req_request-14-a0e30": {
        "type": "REQUEST",
        "name": "request_14",
"path": "request_14",
"pathFormatted": "req_request-14-a0e30",
"stats": {
    "name": "request_14",
    "numberOfRequests": {
        "total": 10,
        "ok": 10,
        "ko": 0
    },
    "minResponseTime": {
        "total": 186,
        "ok": 186,
        "ko": 0
    },
    "maxResponseTime": {
        "total": 203,
        "ok": 203,
        "ko": 0
    },
    "meanResponseTime": {
        "total": 191,
        "ok": 191,
        "ko": 0
    },
    "standardDeviation": {
        "total": 4,
        "ok": 4,
        "ko": 0
    },
    "percentiles1": {
        "total": 191,
        "ok": 191,
        "ko": 0
    },
    "percentiles2": {
        "total": 192,
        "ok": 192,
        "ko": 0
    },
    "percentiles3": {
        "total": 199,
        "ok": 199,
        "ko": 0
    },
    "percentiles4": {
        "total": 202,
        "ok": 202,
        "ko": 0
    },
    "group1": {
    "name": "t < 800 ms",
    "count": 10,
    "percentage": 100
},
    "group2": {
    "name": "800 ms < t < 1200 ms",
    "count": 0,
    "percentage": 0
},
    "group3": {
    "name": "t > 1200 ms",
    "count": 0,
    "percentage": 0
},
    "group4": {
    "name": "failed",
    "count": 0,
    "percentage": 0
},
    "meanNumberOfRequestsPerSecond": {
        "total": 0.08928571428571429,
        "ok": 0.08928571428571429,
        "ko": 0
    }
}
    },"req_request-13-5cca6": {
        "type": "REQUEST",
        "name": "request_13",
"path": "request_13",
"pathFormatted": "req_request-13-5cca6",
"stats": {
    "name": "request_13",
    "numberOfRequests": {
        "total": 10,
        "ok": 10,
        "ko": 0
    },
    "minResponseTime": {
        "total": 234,
        "ok": 234,
        "ko": 0
    },
    "maxResponseTime": {
        "total": 271,
        "ok": 271,
        "ko": 0
    },
    "meanResponseTime": {
        "total": 254,
        "ok": 254,
        "ko": 0
    },
    "standardDeviation": {
        "total": 13,
        "ok": 13,
        "ko": 0
    },
    "percentiles1": {
        "total": 253,
        "ok": 253,
        "ko": 0
    },
    "percentiles2": {
        "total": 267,
        "ok": 267,
        "ko": 0
    },
    "percentiles3": {
        "total": 271,
        "ok": 271,
        "ko": 0
    },
    "percentiles4": {
        "total": 271,
        "ok": 271,
        "ko": 0
    },
    "group1": {
    "name": "t < 800 ms",
    "count": 10,
    "percentage": 100
},
    "group2": {
    "name": "800 ms < t < 1200 ms",
    "count": 0,
    "percentage": 0
},
    "group3": {
    "name": "t > 1200 ms",
    "count": 0,
    "percentage": 0
},
    "group4": {
    "name": "failed",
    "count": 0,
    "percentage": 0
},
    "meanNumberOfRequestsPerSecond": {
        "total": 0.08928571428571429,
        "ok": 0.08928571428571429,
        "ko": 0
    }
}
    },"req_request-12-61da2": {
        "type": "REQUEST",
        "name": "request_12",
"path": "request_12",
"pathFormatted": "req_request-12-61da2",
"stats": {
    "name": "request_12",
    "numberOfRequests": {
        "total": 20,
        "ok": 20,
        "ko": 0
    },
    "minResponseTime": {
        "total": 117,
        "ok": 117,
        "ko": 0
    },
    "maxResponseTime": {
        "total": 265,
        "ok": 265,
        "ko": 0
    },
    "meanResponseTime": {
        "total": 189,
        "ok": 189,
        "ko": 0
    },
    "standardDeviation": {
        "total": 42,
        "ok": 42,
        "ko": 0
    },
    "percentiles1": {
        "total": 210,
        "ok": 210,
        "ko": 0
    },
    "percentiles2": {
        "total": 220,
        "ok": 220,
        "ko": 0
    },
    "percentiles3": {
        "total": 229,
        "ok": 229,
        "ko": 0
    },
    "percentiles4": {
        "total": 258,
        "ok": 258,
        "ko": 0
    },
    "group1": {
    "name": "t < 800 ms",
    "count": 20,
    "percentage": 100
},
    "group2": {
    "name": "800 ms < t < 1200 ms",
    "count": 0,
    "percentage": 0
},
    "group3": {
    "name": "t > 1200 ms",
    "count": 0,
    "percentage": 0
},
    "group4": {
    "name": "failed",
    "count": 0,
    "percentage": 0
},
    "meanNumberOfRequestsPerSecond": {
        "total": 0.17857142857142858,
        "ok": 0.17857142857142858,
        "ko": 0
    }
}
    },"req_request-15-56eac": {
        "type": "REQUEST",
        "name": "request_15",
"path": "request_15",
"pathFormatted": "req_request-15-56eac",
"stats": {
    "name": "request_15",
    "numberOfRequests": {
        "total": 10,
        "ok": 8,
        "ko": 2
    },
    "minResponseTime": {
        "total": 710,
        "ok": 710,
        "ko": 60000
    },
    "maxResponseTime": {
        "total": 60001,
        "ok": 31737,
        "ko": 60001
    },
    "meanResponseTime": {
        "total": 18388,
        "ok": 7985,
        "ko": 60001
    },
    "standardDeviation": {
        "total": 22705,
        "ok": 10162,
        "ko": 1
    },
    "percentiles1": {
        "total": 5743,
        "ok": 2737,
        "ko": 60001
    },
    "percentiles2": {
        "total": 27740,
        "ok": 9744,
        "ko": 60001
    },
    "percentiles3": {
        "total": 60001,
        "ok": 26140,
        "ko": 60001
    },
    "percentiles4": {
        "total": 60001,
        "ok": 30618,
        "ko": 60001
    },
    "group1": {
    "name": "t < 800 ms",
    "count": 2,
    "percentage": 20
},
    "group2": {
    "name": "800 ms < t < 1200 ms",
    "count": 0,
    "percentage": 0
},
    "group3": {
    "name": "t > 1200 ms",
    "count": 6,
    "percentage": 60
},
    "group4": {
    "name": "failed",
    "count": 2,
    "percentage": 20
},
    "meanNumberOfRequestsPerSecond": {
        "total": 0.08928571428571429,
        "ok": 0.07142857142857142,
        "ko": 0.017857142857142856
    }
}
    },"req_request-16-24733": {
        "type": "REQUEST",
        "name": "request_16",
"path": "request_16",
"pathFormatted": "req_request-16-24733",
"stats": {
    "name": "request_16",
    "numberOfRequests": {
        "total": 10,
        "ok": 10,
        "ko": 0
    },
    "minResponseTime": {
        "total": 97,
        "ok": 97,
        "ko": 0
    },
    "maxResponseTime": {
        "total": 193,
        "ok": 193,
        "ko": 0
    },
    "meanResponseTime": {
        "total": 146,
        "ok": 146,
        "ko": 0
    },
    "standardDeviation": {
        "total": 39,
        "ok": 39,
        "ko": 0
    },
    "percentiles1": {
        "total": 150,
        "ok": 150,
        "ko": 0
    },
    "percentiles2": {
        "total": 181,
        "ok": 181,
        "ko": 0
    },
    "percentiles3": {
        "total": 193,
        "ok": 193,
        "ko": 0
    },
    "percentiles4": {
        "total": 193,
        "ok": 193,
        "ko": 0
    },
    "group1": {
    "name": "t < 800 ms",
    "count": 10,
    "percentage": 100
},
    "group2": {
    "name": "800 ms < t < 1200 ms",
    "count": 0,
    "percentage": 0
},
    "group3": {
    "name": "t > 1200 ms",
    "count": 0,
    "percentage": 0
},
    "group4": {
    "name": "failed",
    "count": 0,
    "percentage": 0
},
    "meanNumberOfRequestsPerSecond": {
        "total": 0.08928571428571429,
        "ok": 0.08928571428571429,
        "ko": 0
    }
}
    },"req_request-16-redi-ca4a2": {
        "type": "REQUEST",
        "name": "request_16 Redirect 1",
"path": "request_16 Redirect 1",
"pathFormatted": "req_request-16-redi-ca4a2",
"stats": {
    "name": "request_16 Redirect 1",
    "numberOfRequests": {
        "total": 10,
        "ok": 10,
        "ko": 0
    },
    "minResponseTime": {
        "total": 6,
        "ok": 6,
        "ko": 0
    },
    "maxResponseTime": {
        "total": 1015,
        "ok": 1015,
        "ko": 0
    },
    "meanResponseTime": {
        "total": 216,
        "ok": 216,
        "ko": 0
    },
    "standardDeviation": {
        "total": 399,
        "ok": 399,
        "ko": 0
    },
    "percentiles1": {
        "total": 8,
        "ok": 8,
        "ko": 0
    },
    "percentiles2": {
        "total": 67,
        "ok": 67,
        "ko": 0
    },
    "percentiles3": {
        "total": 1012,
        "ok": 1012,
        "ko": 0
    },
    "percentiles4": {
        "total": 1014,
        "ok": 1014,
        "ko": 0
    },
    "group1": {
    "name": "t < 800 ms",
    "count": 8,
    "percentage": 80
},
    "group2": {
    "name": "800 ms < t < 1200 ms",
    "count": 2,
    "percentage": 20
},
    "group3": {
    "name": "t > 1200 ms",
    "count": 0,
    "percentage": 0
},
    "group4": {
    "name": "failed",
    "count": 0,
    "percentage": 0
},
    "meanNumberOfRequestsPerSecond": {
        "total": 0.08928571428571429,
        "ok": 0.08928571428571429,
        "ko": 0
    }
}
    },"req_request-16-redi-74dda": {
        "type": "REQUEST",
        "name": "request_16 Redirect 2",
"path": "request_16 Redirect 2",
"pathFormatted": "req_request-16-redi-74dda",
"stats": {
    "name": "request_16 Redirect 2",
    "numberOfRequests": {
        "total": 10,
        "ok": 10,
        "ko": 0
    },
    "minResponseTime": {
        "total": 49,
        "ok": 49,
        "ko": 0
    },
    "maxResponseTime": {
        "total": 54,
        "ok": 54,
        "ko": 0
    },
    "meanResponseTime": {
        "total": 51,
        "ok": 51,
        "ko": 0
    },
    "standardDeviation": {
        "total": 2,
        "ok": 2,
        "ko": 0
    },
    "percentiles1": {
        "total": 51,
        "ok": 51,
        "ko": 0
    },
    "percentiles2": {
        "total": 52,
        "ok": 52,
        "ko": 0
    },
    "percentiles3": {
        "total": 54,
        "ok": 54,
        "ko": 0
    },
    "percentiles4": {
        "total": 54,
        "ok": 54,
        "ko": 0
    },
    "group1": {
    "name": "t < 800 ms",
    "count": 10,
    "percentage": 100
},
    "group2": {
    "name": "800 ms < t < 1200 ms",
    "count": 0,
    "percentage": 0
},
    "group3": {
    "name": "t > 1200 ms",
    "count": 0,
    "percentage": 0
},
    "group4": {
    "name": "failed",
    "count": 0,
    "percentage": 0
},
    "meanNumberOfRequestsPerSecond": {
        "total": 0.08928571428571429,
        "ok": 0.08928571428571429,
        "ko": 0
    }
}
    },"req_request-16-redi-6b920": {
        "type": "REQUEST",
        "name": "request_16 Redirect 3",
"path": "request_16 Redirect 3",
"pathFormatted": "req_request-16-redi-6b920",
"stats": {
    "name": "request_16 Redirect 3",
    "numberOfRequests": {
        "total": 10,
        "ok": 10,
        "ko": 0
    },
    "minResponseTime": {
        "total": 2,
        "ok": 2,
        "ko": 0
    },
    "maxResponseTime": {
        "total": 47,
        "ok": 47,
        "ko": 0
    },
    "meanResponseTime": {
        "total": 7,
        "ok": 7,
        "ko": 0
    },
    "standardDeviation": {
        "total": 13,
        "ok": 13,
        "ko": 0
    },
    "percentiles1": {
        "total": 3,
        "ok": 3,
        "ko": 0
    },
    "percentiles2": {
        "total": 4,
        "ok": 4,
        "ko": 0
    },
    "percentiles3": {
        "total": 28,
        "ok": 28,
        "ko": 0
    },
    "percentiles4": {
        "total": 43,
        "ok": 43,
        "ko": 0
    },
    "group1": {
    "name": "t < 800 ms",
    "count": 10,
    "percentage": 100
},
    "group2": {
    "name": "800 ms < t < 1200 ms",
    "count": 0,
    "percentage": 0
},
    "group3": {
    "name": "t > 1200 ms",
    "count": 0,
    "percentage": 0
},
    "group4": {
    "name": "failed",
    "count": 0,
    "percentage": 0
},
    "meanNumberOfRequestsPerSecond": {
        "total": 0.08928571428571429,
        "ok": 0.08928571428571429,
        "ko": 0
    }
}
    },"req_request-19-10d85": {
        "type": "REQUEST",
        "name": "request_19",
"path": "request_19",
"pathFormatted": "req_request-19-10d85",
"stats": {
    "name": "request_19",
    "numberOfRequests": {
        "total": 10,
        "ok": 10,
        "ko": 0
    },
    "minResponseTime": {
        "total": 47,
        "ok": 47,
        "ko": 0
    },
    "maxResponseTime": {
        "total": 85,
        "ok": 85,
        "ko": 0
    },
    "meanResponseTime": {
        "total": 66,
        "ok": 66,
        "ko": 0
    },
    "standardDeviation": {
        "total": 12,
        "ok": 12,
        "ko": 0
    },
    "percentiles1": {
        "total": 64,
        "ok": 64,
        "ko": 0
    },
    "percentiles2": {
        "total": 71,
        "ok": 71,
        "ko": 0
    },
    "percentiles3": {
        "total": 84,
        "ok": 84,
        "ko": 0
    },
    "percentiles4": {
        "total": 85,
        "ok": 85,
        "ko": 0
    },
    "group1": {
    "name": "t < 800 ms",
    "count": 10,
    "percentage": 100
},
    "group2": {
    "name": "800 ms < t < 1200 ms",
    "count": 0,
    "percentage": 0
},
    "group3": {
    "name": "t > 1200 ms",
    "count": 0,
    "percentage": 0
},
    "group4": {
    "name": "failed",
    "count": 0,
    "percentage": 0
},
    "meanNumberOfRequestsPerSecond": {
        "total": 0.08928571428571429,
        "ok": 0.08928571428571429,
        "ko": 0
    }
}
    },"req_request-17-cd6a2": {
        "type": "REQUEST",
        "name": "request_17",
"path": "request_17",
"pathFormatted": "req_request-17-cd6a2",
"stats": {
    "name": "request_17",
    "numberOfRequests": {
        "total": 10,
        "ok": 10,
        "ko": 0
    },
    "minResponseTime": {
        "total": 6,
        "ok": 6,
        "ko": 0
    },
    "maxResponseTime": {
        "total": 45,
        "ok": 45,
        "ko": 0
    },
    "meanResponseTime": {
        "total": 27,
        "ok": 27,
        "ko": 0
    },
    "standardDeviation": {
        "total": 11,
        "ok": 11,
        "ko": 0
    },
    "percentiles1": {
        "total": 23,
        "ok": 23,
        "ko": 0
    },
    "percentiles2": {
        "total": 34,
        "ok": 34,
        "ko": 0
    },
    "percentiles3": {
        "total": 45,
        "ok": 45,
        "ko": 0
    },
    "percentiles4": {
        "total": 45,
        "ok": 45,
        "ko": 0
    },
    "group1": {
    "name": "t < 800 ms",
    "count": 10,
    "percentage": 100
},
    "group2": {
    "name": "800 ms < t < 1200 ms",
    "count": 0,
    "percentage": 0
},
    "group3": {
    "name": "t > 1200 ms",
    "count": 0,
    "percentage": 0
},
    "group4": {
    "name": "failed",
    "count": 0,
    "percentage": 0
},
    "meanNumberOfRequestsPerSecond": {
        "total": 0.08928571428571429,
        "ok": 0.08928571428571429,
        "ko": 0
    }
}
    },"req_request-18-f5b64": {
        "type": "REQUEST",
        "name": "request_18",
"path": "request_18",
"pathFormatted": "req_request-18-f5b64",
"stats": {
    "name": "request_18",
    "numberOfRequests": {
        "total": 10,
        "ok": 10,
        "ko": 0
    },
    "minResponseTime": {
        "total": 19,
        "ok": 19,
        "ko": 0
    },
    "maxResponseTime": {
        "total": 48,
        "ok": 48,
        "ko": 0
    },
    "meanResponseTime": {
        "total": 29,
        "ok": 29,
        "ko": 0
    },
    "standardDeviation": {
        "total": 10,
        "ok": 10,
        "ko": 0
    },
    "percentiles1": {
        "total": 26,
        "ok": 26,
        "ko": 0
    },
    "percentiles2": {
        "total": 34,
        "ok": 34,
        "ko": 0
    },
    "percentiles3": {
        "total": 46,
        "ok": 46,
        "ko": 0
    },
    "percentiles4": {
        "total": 48,
        "ok": 48,
        "ko": 0
    },
    "group1": {
    "name": "t < 800 ms",
    "count": 10,
    "percentage": 100
},
    "group2": {
    "name": "800 ms < t < 1200 ms",
    "count": 0,
    "percentage": 0
},
    "group3": {
    "name": "t > 1200 ms",
    "count": 0,
    "percentage": 0
},
    "group4": {
    "name": "failed",
    "count": 0,
    "percentage": 0
},
    "meanNumberOfRequestsPerSecond": {
        "total": 0.08928571428571429,
        "ok": 0.08928571428571429,
        "ko": 0
    }
}
    },"req_request-20-6804b": {
        "type": "REQUEST",
        "name": "request_20",
"path": "request_20",
"pathFormatted": "req_request-20-6804b",
"stats": {
    "name": "request_20",
    "numberOfRequests": {
        "total": 10,
        "ok": 10,
        "ko": 0
    },
    "minResponseTime": {
        "total": 43,
        "ok": 43,
        "ko": 0
    },
    "maxResponseTime": {
        "total": 112,
        "ok": 112,
        "ko": 0
    },
    "meanResponseTime": {
        "total": 81,
        "ok": 81,
        "ko": 0
    },
    "standardDeviation": {
        "total": 24,
        "ok": 24,
        "ko": 0
    },
    "percentiles1": {
        "total": 82,
        "ok": 82,
        "ko": 0
    },
    "percentiles2": {
        "total": 103,
        "ok": 103,
        "ko": 0
    },
    "percentiles3": {
        "total": 112,
        "ok": 112,
        "ko": 0
    },
    "percentiles4": {
        "total": 112,
        "ok": 112,
        "ko": 0
    },
    "group1": {
    "name": "t < 800 ms",
    "count": 10,
    "percentage": 100
},
    "group2": {
    "name": "800 ms < t < 1200 ms",
    "count": 0,
    "percentage": 0
},
    "group3": {
    "name": "t > 1200 ms",
    "count": 0,
    "percentage": 0
},
    "group4": {
    "name": "failed",
    "count": 0,
    "percentage": 0
},
    "meanNumberOfRequestsPerSecond": {
        "total": 0.08928571428571429,
        "ok": 0.08928571428571429,
        "ko": 0
    }
}
    },"req_request-21-be4cb": {
        "type": "REQUEST",
        "name": "request_21",
"path": "request_21",
"pathFormatted": "req_request-21-be4cb",
"stats": {
    "name": "request_21",
    "numberOfRequests": {
        "total": 10,
        "ok": 10,
        "ko": 0
    },
    "minResponseTime": {
        "total": 61,
        "ok": 61,
        "ko": 0
    },
    "maxResponseTime": {
        "total": 160,
        "ok": 160,
        "ko": 0
    },
    "meanResponseTime": {
        "total": 107,
        "ok": 107,
        "ko": 0
    },
    "standardDeviation": {
        "total": 35,
        "ok": 35,
        "ko": 0
    },
    "percentiles1": {
        "total": 93,
        "ok": 93,
        "ko": 0
    },
    "percentiles2": {
        "total": 137,
        "ok": 137,
        "ko": 0
    },
    "percentiles3": {
        "total": 157,
        "ok": 157,
        "ko": 0
    },
    "percentiles4": {
        "total": 159,
        "ok": 159,
        "ko": 0
    },
    "group1": {
    "name": "t < 800 ms",
    "count": 10,
    "percentage": 100
},
    "group2": {
    "name": "800 ms < t < 1200 ms",
    "count": 0,
    "percentage": 0
},
    "group3": {
    "name": "t > 1200 ms",
    "count": 0,
    "percentage": 0
},
    "group4": {
    "name": "failed",
    "count": 0,
    "percentage": 0
},
    "meanNumberOfRequestsPerSecond": {
        "total": 0.08928571428571429,
        "ok": 0.08928571428571429,
        "ko": 0
    }
}
    },"req_request-22-8ecb1": {
        "type": "REQUEST",
        "name": "request_22",
"path": "request_22",
"pathFormatted": "req_request-22-8ecb1",
"stats": {
    "name": "request_22",
    "numberOfRequests": {
        "total": 10,
        "ok": 10,
        "ko": 0
    },
    "minResponseTime": {
        "total": 81,
        "ok": 81,
        "ko": 0
    },
    "maxResponseTime": {
        "total": 162,
        "ok": 162,
        "ko": 0
    },
    "meanResponseTime": {
        "total": 117,
        "ok": 117,
        "ko": 0
    },
    "standardDeviation": {
        "total": 32,
        "ok": 32,
        "ko": 0
    },
    "percentiles1": {
        "total": 104,
        "ok": 104,
        "ko": 0
    },
    "percentiles2": {
        "total": 153,
        "ok": 153,
        "ko": 0
    },
    "percentiles3": {
        "total": 161,
        "ok": 161,
        "ko": 0
    },
    "percentiles4": {
        "total": 162,
        "ok": 162,
        "ko": 0
    },
    "group1": {
    "name": "t < 800 ms",
    "count": 10,
    "percentage": 100
},
    "group2": {
    "name": "800 ms < t < 1200 ms",
    "count": 0,
    "percentage": 0
},
    "group3": {
    "name": "t > 1200 ms",
    "count": 0,
    "percentage": 0
},
    "group4": {
    "name": "failed",
    "count": 0,
    "percentage": 0
},
    "meanNumberOfRequestsPerSecond": {
        "total": 0.08928571428571429,
        "ok": 0.08928571428571429,
        "ko": 0
    }
}
    },"req_request-23-98f5d": {
        "type": "REQUEST",
        "name": "request_23",
"path": "request_23",
"pathFormatted": "req_request-23-98f5d",
"stats": {
    "name": "request_23",
    "numberOfRequests": {
        "total": 10,
        "ok": 10,
        "ko": 0
    },
    "minResponseTime": {
        "total": 53,
        "ok": 53,
        "ko": 0
    },
    "maxResponseTime": {
        "total": 123,
        "ok": 123,
        "ko": 0
    },
    "meanResponseTime": {
        "total": 94,
        "ok": 94,
        "ko": 0
    },
    "standardDeviation": {
        "total": 20,
        "ok": 20,
        "ko": 0
    },
    "percentiles1": {
        "total": 91,
        "ok": 91,
        "ko": 0
    },
    "percentiles2": {
        "total": 110,
        "ok": 110,
        "ko": 0
    },
    "percentiles3": {
        "total": 121,
        "ok": 121,
        "ko": 0
    },
    "percentiles4": {
        "total": 123,
        "ok": 123,
        "ko": 0
    },
    "group1": {
    "name": "t < 800 ms",
    "count": 10,
    "percentage": 100
},
    "group2": {
    "name": "800 ms < t < 1200 ms",
    "count": 0,
    "percentage": 0
},
    "group3": {
    "name": "t > 1200 ms",
    "count": 0,
    "percentage": 0
},
    "group4": {
    "name": "failed",
    "count": 0,
    "percentage": 0
},
    "meanNumberOfRequestsPerSecond": {
        "total": 0.08928571428571429,
        "ok": 0.08928571428571429,
        "ko": 0
    }
}
    },"req_request-24-dd0c9": {
        "type": "REQUEST",
        "name": "request_24",
"path": "request_24",
"pathFormatted": "req_request-24-dd0c9",
"stats": {
    "name": "request_24",
    "numberOfRequests": {
        "total": 10,
        "ok": 10,
        "ko": 0
    },
    "minResponseTime": {
        "total": 83,
        "ok": 83,
        "ko": 0
    },
    "maxResponseTime": {
        "total": 153,
        "ok": 153,
        "ko": 0
    },
    "meanResponseTime": {
        "total": 107,
        "ok": 107,
        "ko": 0
    },
    "standardDeviation": {
        "total": 24,
        "ok": 24,
        "ko": 0
    },
    "percentiles1": {
        "total": 93,
        "ok": 93,
        "ko": 0
    },
    "percentiles2": {
        "total": 122,
        "ok": 122,
        "ko": 0
    },
    "percentiles3": {
        "total": 146,
        "ok": 146,
        "ko": 0
    },
    "percentiles4": {
        "total": 152,
        "ok": 152,
        "ko": 0
    },
    "group1": {
    "name": "t < 800 ms",
    "count": 10,
    "percentage": 100
},
    "group2": {
    "name": "800 ms < t < 1200 ms",
    "count": 0,
    "percentage": 0
},
    "group3": {
    "name": "t > 1200 ms",
    "count": 0,
    "percentage": 0
},
    "group4": {
    "name": "failed",
    "count": 0,
    "percentage": 0
},
    "meanNumberOfRequestsPerSecond": {
        "total": 0.08928571428571429,
        "ok": 0.08928571428571429,
        "ko": 0
    }
}
    },"req_request-25-20ee6": {
        "type": "REQUEST",
        "name": "request_25",
"path": "request_25",
"pathFormatted": "req_request-25-20ee6",
"stats": {
    "name": "request_25",
    "numberOfRequests": {
        "total": 10,
        "ok": 10,
        "ko": 0
    },
    "minResponseTime": {
        "total": 2,
        "ok": 2,
        "ko": 0
    },
    "maxResponseTime": {
        "total": 9,
        "ok": 9,
        "ko": 0
    },
    "meanResponseTime": {
        "total": 5,
        "ok": 5,
        "ko": 0
    },
    "standardDeviation": {
        "total": 2,
        "ok": 2,
        "ko": 0
    },
    "percentiles1": {
        "total": 5,
        "ok": 5,
        "ko": 0
    },
    "percentiles2": {
        "total": 6,
        "ok": 6,
        "ko": 0
    },
    "percentiles3": {
        "total": 9,
        "ok": 9,
        "ko": 0
    },
    "percentiles4": {
        "total": 9,
        "ok": 9,
        "ko": 0
    },
    "group1": {
    "name": "t < 800 ms",
    "count": 10,
    "percentage": 100
},
    "group2": {
    "name": "800 ms < t < 1200 ms",
    "count": 0,
    "percentage": 0
},
    "group3": {
    "name": "t > 1200 ms",
    "count": 0,
    "percentage": 0
},
    "group4": {
    "name": "failed",
    "count": 0,
    "percentage": 0
},
    "meanNumberOfRequestsPerSecond": {
        "total": 0.08928571428571429,
        "ok": 0.08928571428571429,
        "ko": 0
    }
}
    },"req_request-26-18b3c": {
        "type": "REQUEST",
        "name": "request_26",
"path": "request_26",
"pathFormatted": "req_request-26-18b3c",
"stats": {
    "name": "request_26",
    "numberOfRequests": {
        "total": 10,
        "ok": 10,
        "ko": 0
    },
    "minResponseTime": {
        "total": 2,
        "ok": 2,
        "ko": 0
    },
    "maxResponseTime": {
        "total": 23,
        "ok": 23,
        "ko": 0
    },
    "meanResponseTime": {
        "total": 10,
        "ok": 10,
        "ko": 0
    },
    "standardDeviation": {
        "total": 7,
        "ok": 7,
        "ko": 0
    },
    "percentiles1": {
        "total": 9,
        "ok": 9,
        "ko": 0
    },
    "percentiles2": {
        "total": 11,
        "ok": 11,
        "ko": 0
    },
    "percentiles3": {
        "total": 23,
        "ok": 23,
        "ko": 0
    },
    "percentiles4": {
        "total": 23,
        "ok": 23,
        "ko": 0
    },
    "group1": {
    "name": "t < 800 ms",
    "count": 10,
    "percentage": 100
},
    "group2": {
    "name": "800 ms < t < 1200 ms",
    "count": 0,
    "percentage": 0
},
    "group3": {
    "name": "t > 1200 ms",
    "count": 0,
    "percentage": 0
},
    "group4": {
    "name": "failed",
    "count": 0,
    "percentage": 0
},
    "meanNumberOfRequestsPerSecond": {
        "total": 0.08928571428571429,
        "ok": 0.08928571428571429,
        "ko": 0
    }
}
    },"req_request-27-649b0": {
        "type": "REQUEST",
        "name": "request_27",
"path": "request_27",
"pathFormatted": "req_request-27-649b0",
"stats": {
    "name": "request_27",
    "numberOfRequests": {
        "total": 10,
        "ok": 10,
        "ko": 0
    },
    "minResponseTime": {
        "total": 18,
        "ok": 18,
        "ko": 0
    },
    "maxResponseTime": {
        "total": 54,
        "ok": 54,
        "ko": 0
    },
    "meanResponseTime": {
        "total": 37,
        "ok": 37,
        "ko": 0
    },
    "standardDeviation": {
        "total": 13,
        "ok": 13,
        "ko": 0
    },
    "percentiles1": {
        "total": 35,
        "ok": 35,
        "ko": 0
    },
    "percentiles2": {
        "total": 50,
        "ok": 50,
        "ko": 0
    },
    "percentiles3": {
        "total": 54,
        "ok": 54,
        "ko": 0
    },
    "percentiles4": {
        "total": 54,
        "ok": 54,
        "ko": 0
    },
    "group1": {
    "name": "t < 800 ms",
    "count": 10,
    "percentage": 100
},
    "group2": {
    "name": "800 ms < t < 1200 ms",
    "count": 0,
    "percentage": 0
},
    "group3": {
    "name": "t > 1200 ms",
    "count": 0,
    "percentage": 0
},
    "group4": {
    "name": "failed",
    "count": 0,
    "percentage": 0
},
    "meanNumberOfRequestsPerSecond": {
        "total": 0.08928571428571429,
        "ok": 0.08928571428571429,
        "ko": 0
    }
}
    },"req_request-28-297b8": {
        "type": "REQUEST",
        "name": "request_28",
"path": "request_28",
"pathFormatted": "req_request-28-297b8",
"stats": {
    "name": "request_28",
    "numberOfRequests": {
        "total": 10,
        "ok": 10,
        "ko": 0
    },
    "minResponseTime": {
        "total": 7,
        "ok": 7,
        "ko": 0
    },
    "maxResponseTime": {
        "total": 49,
        "ok": 49,
        "ko": 0
    },
    "meanResponseTime": {
        "total": 27,
        "ok": 27,
        "ko": 0
    },
    "standardDeviation": {
        "total": 12,
        "ok": 12,
        "ko": 0
    },
    "percentiles1": {
        "total": 31,
        "ok": 31,
        "ko": 0
    },
    "percentiles2": {
        "total": 34,
        "ok": 34,
        "ko": 0
    },
    "percentiles3": {
        "total": 43,
        "ok": 43,
        "ko": 0
    },
    "percentiles4": {
        "total": 48,
        "ok": 48,
        "ko": 0
    },
    "group1": {
    "name": "t < 800 ms",
    "count": 10,
    "percentage": 100
},
    "group2": {
    "name": "800 ms < t < 1200 ms",
    "count": 0,
    "percentage": 0
},
    "group3": {
    "name": "t > 1200 ms",
    "count": 0,
    "percentage": 0
},
    "group4": {
    "name": "failed",
    "count": 0,
    "percentage": 0
},
    "meanNumberOfRequestsPerSecond": {
        "total": 0.08928571428571429,
        "ok": 0.08928571428571429,
        "ko": 0
    }
}
    },"req_request-29-6a22e": {
        "type": "REQUEST",
        "name": "request_29",
"path": "request_29",
"pathFormatted": "req_request-29-6a22e",
"stats": {
    "name": "request_29",
    "numberOfRequests": {
        "total": 10,
        "ok": 10,
        "ko": 0
    },
    "minResponseTime": {
        "total": 56,
        "ok": 56,
        "ko": 0
    },
    "maxResponseTime": {
        "total": 128,
        "ok": 128,
        "ko": 0
    },
    "meanResponseTime": {
        "total": 80,
        "ok": 80,
        "ko": 0
    },
    "standardDeviation": {
        "total": 22,
        "ok": 22,
        "ko": 0
    },
    "percentiles1": {
        "total": 75,
        "ok": 75,
        "ko": 0
    },
    "percentiles2": {
        "total": 78,
        "ok": 78,
        "ko": 0
    },
    "percentiles3": {
        "total": 122,
        "ok": 122,
        "ko": 0
    },
    "percentiles4": {
        "total": 127,
        "ok": 127,
        "ko": 0
    },
    "group1": {
    "name": "t < 800 ms",
    "count": 10,
    "percentage": 100
},
    "group2": {
    "name": "800 ms < t < 1200 ms",
    "count": 0,
    "percentage": 0
},
    "group3": {
    "name": "t > 1200 ms",
    "count": 0,
    "percentage": 0
},
    "group4": {
    "name": "failed",
    "count": 0,
    "percentage": 0
},
    "meanNumberOfRequestsPerSecond": {
        "total": 0.08928571428571429,
        "ok": 0.08928571428571429,
        "ko": 0
    }
}
    },"req_request-30-b7b42": {
        "type": "REQUEST",
        "name": "request_30",
"path": "request_30",
"pathFormatted": "req_request-30-b7b42",
"stats": {
    "name": "request_30",
    "numberOfRequests": {
        "total": 10,
        "ok": 10,
        "ko": 0
    },
    "minResponseTime": {
        "total": 41,
        "ok": 41,
        "ko": 0
    },
    "maxResponseTime": {
        "total": 105,
        "ok": 105,
        "ko": 0
    },
    "meanResponseTime": {
        "total": 76,
        "ok": 76,
        "ko": 0
    },
    "standardDeviation": {
        "total": 20,
        "ok": 20,
        "ko": 0
    },
    "percentiles1": {
        "total": 81,
        "ok": 81,
        "ko": 0
    },
    "percentiles2": {
        "total": 89,
        "ok": 89,
        "ko": 0
    },
    "percentiles3": {
        "total": 101,
        "ok": 101,
        "ko": 0
    },
    "percentiles4": {
        "total": 104,
        "ok": 104,
        "ko": 0
    },
    "group1": {
    "name": "t < 800 ms",
    "count": 10,
    "percentage": 100
},
    "group2": {
    "name": "800 ms < t < 1200 ms",
    "count": 0,
    "percentage": 0
},
    "group3": {
    "name": "t > 1200 ms",
    "count": 0,
    "percentage": 0
},
    "group4": {
    "name": "failed",
    "count": 0,
    "percentage": 0
},
    "meanNumberOfRequestsPerSecond": {
        "total": 0.08928571428571429,
        "ok": 0.08928571428571429,
        "ko": 0
    }
}
    },"req_request-31-261d3": {
        "type": "REQUEST",
        "name": "request_31",
"path": "request_31",
"pathFormatted": "req_request-31-261d3",
"stats": {
    "name": "request_31",
    "numberOfRequests": {
        "total": 10,
        "ok": 10,
        "ko": 0
    },
    "minResponseTime": {
        "total": 115,
        "ok": 115,
        "ko": 0
    },
    "maxResponseTime": {
        "total": 1217,
        "ok": 1217,
        "ko": 0
    },
    "meanResponseTime": {
        "total": 265,
        "ok": 265,
        "ko": 0
    },
    "standardDeviation": {
        "total": 321,
        "ok": 321,
        "ko": 0
    },
    "percentiles1": {
        "total": 140,
        "ok": 140,
        "ko": 0
    },
    "percentiles2": {
        "total": 218,
        "ok": 218,
        "ko": 0
    },
    "percentiles3": {
        "total": 785,
        "ok": 785,
        "ko": 0
    },
    "percentiles4": {
        "total": 1131,
        "ok": 1131,
        "ko": 0
    },
    "group1": {
    "name": "t < 800 ms",
    "count": 9,
    "percentage": 90
},
    "group2": {
    "name": "800 ms < t < 1200 ms",
    "count": 0,
    "percentage": 0
},
    "group3": {
    "name": "t > 1200 ms",
    "count": 1,
    "percentage": 10
},
    "group4": {
    "name": "failed",
    "count": 0,
    "percentage": 0
},
    "meanNumberOfRequestsPerSecond": {
        "total": 0.08928571428571429,
        "ok": 0.08928571428571429,
        "ko": 0
    }
}
    },"req_request-32-84a21": {
        "type": "REQUEST",
        "name": "request_32",
"path": "request_32",
"pathFormatted": "req_request-32-84a21",
"stats": {
    "name": "request_32",
    "numberOfRequests": {
        "total": 10,
        "ok": 10,
        "ko": 0
    },
    "minResponseTime": {
        "total": 117,
        "ok": 117,
        "ko": 0
    },
    "maxResponseTime": {
        "total": 253,
        "ok": 253,
        "ko": 0
    },
    "meanResponseTime": {
        "total": 166,
        "ok": 166,
        "ko": 0
    },
    "standardDeviation": {
        "total": 48,
        "ok": 48,
        "ko": 0
    },
    "percentiles1": {
        "total": 144,
        "ok": 144,
        "ko": 0
    },
    "percentiles2": {
        "total": 211,
        "ok": 211,
        "ko": 0
    },
    "percentiles3": {
        "total": 242,
        "ok": 242,
        "ko": 0
    },
    "percentiles4": {
        "total": 251,
        "ok": 251,
        "ko": 0
    },
    "group1": {
    "name": "t < 800 ms",
    "count": 10,
    "percentage": 100
},
    "group2": {
    "name": "800 ms < t < 1200 ms",
    "count": 0,
    "percentage": 0
},
    "group3": {
    "name": "t > 1200 ms",
    "count": 0,
    "percentage": 0
},
    "group4": {
    "name": "failed",
    "count": 0,
    "percentage": 0
},
    "meanNumberOfRequestsPerSecond": {
        "total": 0.08928571428571429,
        "ok": 0.08928571428571429,
        "ko": 0
    }
}
    },"req_request-33-6bb92": {
        "type": "REQUEST",
        "name": "request_33",
"path": "request_33",
"pathFormatted": "req_request-33-6bb92",
"stats": {
    "name": "request_33",
    "numberOfRequests": {
        "total": 10,
        "ok": 10,
        "ko": 0
    },
    "minResponseTime": {
        "total": 12,
        "ok": 12,
        "ko": 0
    },
    "maxResponseTime": {
        "total": 43,
        "ok": 43,
        "ko": 0
    },
    "meanResponseTime": {
        "total": 21,
        "ok": 21,
        "ko": 0
    },
    "standardDeviation": {
        "total": 9,
        "ok": 9,
        "ko": 0
    },
    "percentiles1": {
        "total": 19,
        "ok": 19,
        "ko": 0
    },
    "percentiles2": {
        "total": 25,
        "ok": 25,
        "ko": 0
    },
    "percentiles3": {
        "total": 35,
        "ok": 35,
        "ko": 0
    },
    "percentiles4": {
        "total": 41,
        "ok": 41,
        "ko": 0
    },
    "group1": {
    "name": "t < 800 ms",
    "count": 10,
    "percentage": 100
},
    "group2": {
    "name": "800 ms < t < 1200 ms",
    "count": 0,
    "percentage": 0
},
    "group3": {
    "name": "t > 1200 ms",
    "count": 0,
    "percentage": 0
},
    "group4": {
    "name": "failed",
    "count": 0,
    "percentage": 0
},
    "meanNumberOfRequestsPerSecond": {
        "total": 0.08928571428571429,
        "ok": 0.08928571428571429,
        "ko": 0
    }
}
    },"req_request-34-d9757": {
        "type": "REQUEST",
        "name": "request_34",
"path": "request_34",
"pathFormatted": "req_request-34-d9757",
"stats": {
    "name": "request_34",
    "numberOfRequests": {
        "total": 10,
        "ok": 10,
        "ko": 0
    },
    "minResponseTime": {
        "total": 117,
        "ok": 117,
        "ko": 0
    },
    "maxResponseTime": {
        "total": 229,
        "ok": 229,
        "ko": 0
    },
    "meanResponseTime": {
        "total": 168,
        "ok": 168,
        "ko": 0
    },
    "standardDeviation": {
        "total": 48,
        "ok": 48,
        "ko": 0
    },
    "percentiles1": {
        "total": 141,
        "ok": 141,
        "ko": 0
    },
    "percentiles2": {
        "total": 224,
        "ok": 224,
        "ko": 0
    },
    "percentiles3": {
        "total": 228,
        "ok": 228,
        "ko": 0
    },
    "percentiles4": {
        "total": 229,
        "ok": 229,
        "ko": 0
    },
    "group1": {
    "name": "t < 800 ms",
    "count": 10,
    "percentage": 100
},
    "group2": {
    "name": "800 ms < t < 1200 ms",
    "count": 0,
    "percentage": 0
},
    "group3": {
    "name": "t > 1200 ms",
    "count": 0,
    "percentage": 0
},
    "group4": {
    "name": "failed",
    "count": 0,
    "percentage": 0
},
    "meanNumberOfRequestsPerSecond": {
        "total": 0.08928571428571429,
        "ok": 0.08928571428571429,
        "ko": 0
    }
}
    }
}

}